id,plan_name,global_plan,is_Regional,region,plan_type,data,validity,package_name,retail_price,wholesale_price,cost_price,singleUse,test_plan,isRegional,created_at,updated_at,deleted_at,vendor_id
143,Algeria,0,0,Africa,2,1,7,algecom-7days-1gb,7,6.5,7,1,0,0,2023-06-24 13:26:01.737343,2023-06-24 13:26:01.737343,(NULL),1
46,Benin,0,0,Africa,2,1,7,cotton-mobile-7days-1gb,9.5,9,9.5,1,0,0,2023-06-24 13:26:01.419882,2023-06-24 13:26:01.419882,(NULL),1
36,Botswana,0,0,Africa,2,1,7,maun-telecom-7days-1gb,8,7.5,8,1,0,0,2023-06-24 13:26:01.386393,2023-06-24 13:26:01.386393,(NULL),1
50,Burkina Faso,0,0,Africa,2,1,7,volta-7days-1gb,9.5,9,9.5,1,0,0,2023-06-24 13:26:01.424298,2023-06-24 13:26:01.424298,(NULL),1
51,Cameroon,0,0,Africa,2,1,7,esimg_1GB_7D_CM_U,12,9,7.5,0,0,0,2023-06-24 13:26:01.440345,2023-06-24 13:26:01.440345,(NULL),3
45,Cape Verde,0,0,Africa,2,1,7,fogotel-7days-1gb,9.5,9,9.5,1,0,0,2023-06-24 13:26:01.404257,2023-06-24 13:26:01.404257,(NULL),1
153,Central African Republic,0,0,Africa,2,1,7,esimg_1GB_7D_CF_U,15,12,9.8,0,0,0,2023-06-24 13:26:01.763003,2023-06-24 13:26:01.763003,(NULL),3
114,Chad,0,0,Africa,2,1,7,esimg_1GB_7D_TD_U,9.5,7.2,5.8,0,0,0,2023-06-24 13:26:01.629319,2023-06-24 13:26:01.629319,(NULL),3
145,Congo,0,0,Africa,2,1,7,esimg_1GB_7D_CG_U,9.5,7.2,5.8,0,0,0,2023-06-24 13:26:01.740408,2023-06-24 13:26:01.740408,(NULL),3
559,Cote d'Ivoire,0,0,Africa,2,1,7,esimg_1GB_7D_CI_U,15,12,9.8,0,0,0,2023-06-24 13:26:02.749451,2023-06-24 13:26:02.749451,(NULL),3
122,DRC,0,0,Africa,2,1,7,esimg_1GB_7D_CD_U,9.5,7.2,5.8,0,0,0,2023-06-24 13:26:01.656437,2023-06-24 13:26:01.656437,(NULL),3
144,Egypt,0,0,Africa,2,1,7,esimg_1GB_7D_EG_U,9.5,7.2,5.8,0,0,0,2023-06-24 13:26:01.738089,2023-06-24 13:26:01.738089,(NULL),3
560,Eswatini,0,0,Africa,2,1,7,112,10,9.5,7.6,1,0,0,2023-06-24 13:26:02.757531,2023-06-24 13:26:02.757531,(NULL),2
42,Gabon,0,0,Africa,2,1,7,esimg_1GB_7D_GA_U,10,8,9.8,0,0,0,2023-06-24 13:26:01.402771,2023-06-24 13:26:01.402771,(NULL),3
43,Gambia,0,0,Africa,2,1,7,wassu-telecom-7days-1gb,9.5,9,9.5,1,0,0,2023-06-24 13:26:01.403236,2023-06-24 13:26:01.403236,(NULL),1
44,Ghana,0,0,Africa,2,1,7,esimg_1GB_7D_GH_U,6,5,9.8,0,0,0,2023-06-24 13:26:01.403908,2023-06-24 13:26:01.403908,(NULL),3
55,Guinea Bissau,0,0,Africa,2,1,7,esimg_1GB_7D_GW_U,15,12,9.8,0,0,0,2023-06-24 13:26:01.442914,2023-06-24 13:26:01.442914,(NULL),3
14,Kenya,0,0,Africa,2,1,7,esimg_1GB_7D_KE_U,9.5,6.5,4.8,0,0,0,2023-06-24 13:26:01.319317,2023-06-24 13:26:01.319317,(NULL),3
56,Liberia,0,0,Africa,2,1,7,esimg_1GB_7D_LR_U,15,12,9.8,0,0,0,2023-06-24 13:26:01.443773,2023-06-24 13:26:01.443773,(NULL),3
57,Madagascar,0,0,Africa,2,1,7,esimg_1GB_7D_MG_U,9.5,7.2,5.8,0,0,0,2023-06-24 13:26:01.444487,2023-06-24 13:26:01.444487,(NULL),3
48,Malawi,0,0,Africa,2,1,7,esimg_1GB_7D_MW_U,15,12,9.8,0,0,0,2023-06-24 13:26:01.423093,2023-06-24 13:26:01.423093,(NULL),3
68,Mali,0,0,Africa,2,1,7,esimg_1GB_7D_ML_U,15,12,9.8,0,0,0,2023-06-24 13:26:01.493867,2023-06-24 13:26:01.493867,(NULL),3
52,Mauritius,0,0,Africa,2,1,7,mornecom-7days-1gb,9.5,9,9.5,1,0,0,2023-06-24 13:26:01.440975,2023-06-24 13:26:01.440975,(NULL),1
53,Morocco,0,0,Africa,2,1,7,esimg_1GB_7D_MA_U,12,9,7.5,0,0,0,2023-06-24 13:26:01.441607,2023-06-24 13:26:01.441607,(NULL),3
136,Mozambique,0,0,Africa,2,1,7,comemoro-7days-1gb,8,7.3,8,1,0,0,2023-06-24 13:26:01.715603,2023-06-24 13:26:01.715603,(NULL),1
568,Namibia,0,0,Africa,2,1,7,94,15,14.7,7.79,1,0,0,2023-06-24 13:26:02.784621,2023-06-24 13:26:02.784621,(NULL),2
58,Niger,0,0,Africa,2,1,7,esimg_1GB_7D_NE_U,15,12,9.8,0,0,0,2023-06-24 13:26:01.447189,2023-06-24 13:26:01.447189,(NULL),3
64,Nigeria,0,0,Africa,2,1,7,nigercell-7days-1gb,9.5,7.2,8.5,1,0,0,2023-06-24 13:26:01.474418,2023-06-24 13:26:01.474418,(NULL),1
61,Réunion,0,0,Africa,2,1,7,esimg_1GB_7D_RE_U,9.5,7.2,5.8,0,0,0,2023-06-24 13:26:01.469111,2023-06-24 13:26:01.469111,(NULL),3
569,Rwanda,0,0,Africa,2,1,7,101,10,9,7.6,1,0,0,2023-06-24 13:26:02.786972,2023-06-24 13:26:02.786972,(NULL),2
63,Senegal,0,0,Africa,2,1,7,esimg_1GB_7D_SN_U,10,9.5,9.8,0,0,0,2023-06-24 13:26:01.473292,2023-06-24 13:26:01.473292,(NULL),3
67,Seychelles,0,0,Africa,2,1,7,esimg_1GB_7D_SC_U,9.5,7.2,5.8,0,0,0,2023-06-24 13:26:01.492255,2023-06-24 13:26:01.492255,(NULL),3
578,Sierra Leone,0,0,Africa,2,1,7,108,15,14.7,7.6,1,0,0,2023-06-24 13:26:02.807186,2023-06-24 13:26:02.807186,(NULL),2
60,South Africa,0,0,Africa,2,1,7,cellsa-7days-1gb,4.5,4.3,4.5,1,0,0,2023-06-24 13:26:01.461220,2023-06-24 13:26:01.461220,(NULL),1
59,Tanzania,0,0,Africa,2,1,7,esimg_1GB_7D_TZ_U,15,13.8,4.8,0,0,0,2023-06-24 13:26:01.459596,2023-06-24 13:26:01.459596,(NULL),3
87,Tonga,0,0,Africa,2,1,7,tofua-mobile-7days-1gb,9.5,6.5,9.5,1,0,0,2023-06-24 13:26:01.552499,2023-06-24 13:26:01.552499,(NULL),1
77,Uganda,0,0,Africa,2,1,7,esimg_1GB_7D_UG_U,9.5,6.5,4.8,0,0,0,2023-06-24 13:26:01.523234,2023-06-24 13:26:01.523234,(NULL),3
62,Zambia,0,0,Africa,2,1,7,esimg_1GB_7D_ZM_U,9.5,7.2,5.8,0,0,0,2023-06-24 13:26:01.470433,2023-06-24 13:26:01.470433,(NULL),3
79,Zimbabwe,0,0,Africa,2,1,7,zimcom-7days-1gb,9.5,8.8,9.5,1,0,0,2023-06-24 13:26:01.525681,2023-06-24 13:26:01.525681,(NULL),1
154,Algeria 3GB,0,0,Africa,2,3,30,algecom-30days-3gb,17.5,16.5,17.5,1,0,0,2023-06-24 13:26:01.766646,2023-06-24 13:26:01.766646,(NULL),1
159,Botswana 3GB,0,0,Africa,2,3,30,maun-telecom-30days-3gb,20,18.5,20,1,0,0,2023-06-24 13:26:01.778525,2023-06-24 13:26:01.778525,(NULL),1
571,Burkina Faso 3GB,0,0,Africa,2,3,30,42,45,41.2,34.58,1,0,0,2023-06-24 13:26:02.790022,2023-06-24 13:26:02.790022,(NULL),2
171,Cameroon 3GB,0,0,Africa,2,3,30,esimg_3GB_30D_CM_U,27,23.5,19.6,0,0,0,2023-06-24 13:26:01.816179,2023-06-24 13:26:01.816179,(NULL),3
173,Central African Republic 3GB,0,0,Africa,2,3,30,esimg_3GB_30D_CF_U,35,31.5,26.5,0,0,0,2023-06-24 13:26:01.818028,2023-06-24 13:26:01.818028,(NULL),3
165,Chad 3GB,0,0,Africa,2,3,30,esimg_3GB_30D_TD_U,21.5,18,15,0,0,0,2023-06-24 13:26:01.801621,2023-06-24 13:26:01.801621,(NULL),3
176,Congo 3GB,0,0,Africa,2,3,30,esimg_3GB_30D_CD_U,21.5,18,15,0,0,0,2023-06-24 13:26:01.831416,2023-06-24 13:26:01.831416,(NULL),3
174,DRC 3GB,0,0,Africa,2,3,30,esimg_3GB_30D_CD_U,21.5,18,15,0,0,0,2023-06-24 13:26:01.826282,2023-06-24 13:26:01.826282,(NULL),3
184,Egypt 3GB,0,0,Africa,2,3,30,esimg_3GB_30D_EG_U,21.5,18,15,0,0,0,2023-06-24 13:26:01.846918,2023-06-24 13:26:01.846918,(NULL),3
589,Eswatini 3GB,0,0,Africa,2,3,30,112,20,18,21.54,1,0,0,2023-06-24 13:26:02.830261,2023-06-24 13:26:02.830261,(NULL),2
189,Gabon 3GB,0,0,Africa,2,3,30,esimg_3GB_30D_GA_U,17.5,16,26.5,0,0,0,2023-06-24 13:26:01.861664,2023-06-24 13:26:01.861664,(NULL),3
179,Ghana 3GB,0,0,Africa,2,3,30,esimg_3GB_30D_GH_U,12,11.5,26.5,0,0,0,2023-06-24 13:26:01.838158,2023-06-24 13:26:01.838158,(NULL),3
202,Guinea Bissau 3GB,0,0,Africa,2,3,30,esimg_3GB_30D_GW_U,35,31.5,26.5,0,0,0,2023-06-24 13:26:01.900473,2023-06-24 13:26:01.900473,(NULL),3
197,Kenya 3GB,0,0,Africa,2,3,30,esimg_3GB_30D_KE_U,20,15,12.1,0,0,0,2023-06-24 13:26:01.887449,2023-06-24 13:26:01.887449,(NULL),3
214,Liberia 3GB,0,0,Africa,2,3,30,esimg_3GB_30D_LR_U,35,31.5,26.5,0,0,0,2023-06-24 13:26:01.933303,2023-06-24 13:26:01.933303,(NULL),3
216,Madagascar 3GB,0,0,Africa,2,3,30,esimg_3GB_30D_MG_U,21.5,18,15,0,0,0,2023-06-24 13:26:01.938594,2023-06-24 13:26:01.938594,(NULL),3
208,Malawi 3GB,0,0,Africa,2,3,30,esimg_3GB_30D_MW_U,35,31.5,26.5,0,0,0,2023-06-24 13:26:01.917104,2023-06-24 13:26:01.917104,(NULL),3
211,Mali 3GB,0,0,Africa,2,3,30,esimg_3GB_30D_ML_U,35,31.5,26.5,0,0,0,2023-06-24 13:26:01.927408,2023-06-24 13:26:01.927408,(NULL),3
241,Morocco 3GB,0,0,Africa,2,3,30,esimg_3GB_30D_MA_U,27,23.5,19.6,0,0,0,2023-06-24 13:26:02.002002,2023-06-24 13:26:02.002002,(NULL),3
581,Namibia 3GB,0,0,Africa,2,3,30,94,45,41.2,29.54,1,0,0,2023-06-24 13:26:02.816030,2023-06-24 13:26:02.816030,(NULL),2
228,Niger 3GB,0,0,Africa,2,3,30,esimg_3GB_30D_NE_U,35,31.5,26.5,0,0,0,2023-06-24 13:26:01.966379,2023-06-24 13:26:01.966379,(NULL),3
229,Nigeria 3GB,0,0,Africa,2,3,30,esimg_3GB_30D_NG_U,21.5,18,15,0,0,0,2023-06-24 13:26:01.966750,2023-06-24 13:26:01.966750,(NULL),3
243,Réunion 3GB,0,0,Africa,2,3,30,esimg_3GB_30D_RE_U,21.5,18,15,0,0,0,2023-06-24 13:26:02.007269,2023-06-24 13:26:02.007269,(NULL),3
583,Rwanda 3GB,0,0,Africa,2,3,30,101,25,24,21.54,1,0,0,2023-06-24 13:26:02.819386,2023-06-24 13:26:02.819386,(NULL),2
585,Senegal 3GB,0,0,Africa,2,3,30,106,30,27,21,1,0,0,2023-06-24 13:26:02.823434,2023-06-24 13:26:02.823434,(NULL),2
239,Seychelles 3GB,0,0,Africa,2,3,30,esimg_3GB_30D_SC_U,21.5,18,15,0,0,0,2023-06-24 13:26:01.996292,2023-06-24 13:26:01.996292,(NULL),3
574,Sierra Leone 3GB,0,0,Africa,2,3,30,108,45,41.2,28.82,1,0,0,2023-06-24 13:26:02.794580,2023-06-24 13:26:02.794580,(NULL),2
249,South Africa 3GB,0,0,Africa,2,3,30,cellsa-30days-3gb,11,10.3,11,1,0,0,2023-06-24 13:26:02.022308,2023-06-24 13:26:02.022308,(NULL),1
258,Tanzania 3GB,0,0,Africa,2,3,30,esimg_3GB_30D_TZ_U,20,15,12.1,0,0,0,2023-06-24 13:26:02.043301,2023-06-24 13:26:02.043301,(NULL),3
262,Uganda 3GB,0,0,Africa,2,3,30,esimg_3GB_30D_UG_U,20,15,12.1,0,0,0,2023-06-24 13:26:02.051551,2023-06-24 13:26:02.051551,(NULL),3
269,Zambia 3GB,0,0,Africa,2,3,30,esimg_3GB_30D_ZM_U,21.5,18,15,0,0,0,2023-06-24 13:26:02.065569,2023-06-24 13:26:02.065569,(NULL),3
266,Algeria 5GB,0,0,Africa,2,5,30,algecom-30days-5gb,27,25,27,1,0,0,2023-06-24 13:26:02.060109,2023-06-24 13:26:02.060109,(NULL),1
275,Botswana 5GB,0,0,Africa,2,5,30,maun-telecom-30days-5gb,30.5,28,30.5,1,0,0,2023-06-24 13:26:02.079114,2023-06-24 13:26:02.079114,(NULL),1
586,Burkina Faso 5GB,0,0,Africa,2,5,30,42,65,64.7,54.24,1,0,0,2023-06-24 13:26:02.823808,2023-06-24 13:26:02.823808,(NULL),2
291,Cameroon 5GB,0,0,Africa,2,5,30,esimg_5GB_30D_CM_U,40,36,28.8,0,0,0,2023-06-24 13:26:02.126037,2023-06-24 13:26:02.126037,(NULL),3
285,Central African Republic 5GB,0,0,Africa,2,5,30,esimg_5GB_30D_CF_U,55,50,40.3,0,0,0,2023-06-24 13:26:02.113086,2023-06-24 13:26:02.113086,(NULL),3
292,Chad 5GB,0,0,Africa,2,5,30,esimg_5GB_30D_TD_U,35,30,23,0,0,0,2023-06-24 13:26:02.127841,2023-06-24 13:26:02.127841,(NULL),3
295,Congo 5GB,0,0,Africa,2,5,30,esimg_5GB_30D_CD_U,35,30,23,0,0,0,2023-06-24 13:26:02.134525,2023-06-24 13:26:02.134525,(NULL),3
293,Egypt 5GB,0,0,Africa,2,5,30,esimg_5GB_30D_EG_U,35,30,23,0,0,0,2023-06-24 13:26:02.128981,2023-06-24 13:26:02.128981,(NULL),3
580,Eswatini 5GB,0,0,Africa,2,5,30,112,30,27,33.79,1,0,0,2023-06-24 13:26:02.812511,2023-06-24 13:26:02.812511,(NULL),2
305,Gabon 5GB,0,0,Africa,2,5,30,esimg_5GB_30D_GA_U,25,24,40.3,0,0,0,2023-06-24 13:26:02.165319,2023-06-24 13:26:02.165319,(NULL),3
301,Ghana 5GB,0,0,Africa,2,5,30,esimg_5GB_30D_GH_U,18,17,40.3,0,0,0,2023-06-24 13:26:02.153182,2023-06-24 13:26:02.153182,(NULL),3
314,Guinea Bissau 5GB,0,0,Africa,2,5,30,esimg_5GB_30D_GW_U,55,50,40.3,0,0,0,2023-06-24 13:26:02.186774,2023-06-24 13:26:02.186774,(NULL),3
582,Guinea Bissau 5GB,0,0,Africa,2,5,30,72,30,25,45.21,1,0,0,2023-06-24 13:26:02.816523,2023-06-24 13:26:02.816523,(NULL),2
336,Kenya 5GB,0,0,Africa,2,5,30,esimg_5GB_30D_KE_U,55,50,18.4,0,0,0,2023-06-24 13:26:02.236356,2023-06-24 13:26:02.236356,(NULL),3
320,Liberia 5GB,0,0,Africa,2,5,30,esimg_5GB_30D_LR_U,35,30,40.3,0,0,0,2023-06-24 13:26:02.199992,2023-06-24 13:26:02.199992,(NULL),3
327,Madagascar 5GB,0,0,Africa,2,5,30,esimg_5GB_30D_MG_U,55,50,23,0,0,0,2023-06-24 13:26:02.222862,2023-06-24 13:26:02.222862,(NULL),3
328,Malawi 5GB,0,0,Africa,2,5,30,esimg_5GB_30D_MW_U,55,50,40.3,0,0,0,2023-06-24 13:26:02.224118,2023-06-24 13:26:02.224118,(NULL),3
337,Mali 5GB,0,0,Africa,2,5,30,esimg_5GB_30D_ML_U,40,36,40.3,0,0,0,2023-06-24 13:26:02.246406,2023-06-24 13:26:02.246406,(NULL),3
349,Morocco 5GB,0,0,Africa,2,5,30,esimg_5GB_30D_MA_U,24,22,28.8,0,0,0,2023-06-24 13:26:02.271878,2023-06-24 13:26:02.271878,(NULL),3
596,Namibia 5GB,0,0,Africa,2,5,30,94,65,64.7,46.33,1,0,0,2023-06-24 13:26:02.849148,2023-06-24 13:26:02.849148,(NULL),2
339,Niger 5GB,0,0,Africa,2,5,30,esimg_5GB_30D_NE_U,55,50,40.3,0,0,0,2023-06-24 13:26:02.249172,2023-06-24 13:26:02.249172,(NULL),3
348,Nigeria 5GB,0,0,Africa,2,5,30,esimg_5GB_30D_NG_U,35,30,23,0,0,0,2023-06-24 13:26:02.271525,2023-06-24 13:26:02.271525,(NULL),3
352,Réunion 5GB,0,0,Africa,2,5,30,esimg_5GB_30D_RE_U,35,30,23,0,0,0,2023-06-24 13:26:02.275555,2023-06-24 13:26:02.275555,(NULL),3
593,Rwanda 5GB,0,0,Africa,2,5,30,101,65,64.7,45.21,1,0,0,2023-06-24 13:26:02.839055,2023-06-24 13:26:02.839055,(NULL),2
587,Senegal 5GB,0,0,Africa,2,5,30,106,55,50,36.17,1,0,0,2023-06-24 13:26:02.826083,2023-06-24 13:26:02.826083,(NULL),2
368,Seychelles 5GB,0,0,Africa,2,5,30,esimg_5GB_30D_SC_U,35,30,23,0,0,0,2023-06-24 13:26:02.313630,2023-06-24 13:26:02.313630,(NULL),3
588,Sierra Leone 5GB,0,0,Africa,2,5,30,108,65,64.7,45.21,1,0,0,2023-06-24 13:26:02.827404,2023-06-24 13:26:02.827404,(NULL),2
355,South Africa 5GB,0,0,Africa,2,5,30,cellsa-30days-5gb,15.5,14,16,1,0,0,2023-06-24 13:26:02.285274,2023-06-24 13:26:02.285274,(NULL),1
371,Tanzania 5GB,0,0,Africa,2,5,30,esimg_5GB_30D_TZ_U,30,25,18.4,0,0,0,2023-06-24 13:26:02.324898,2023-06-24 13:26:02.324898,(NULL),3
375,Uganda 5GB,0,0,Africa,2,5,30,esimg_5GB_30D_UG_U,30,25,18.4,0,0,0,2023-06-24 13:26:02.331695,2023-06-24 13:26:02.331695,(NULL),3
384,Zambia 5GB,0,0,Africa,2,5,30,esimg_5GB_30D_ZM_U,35,30,23,0,0,0,2023-06-24 13:26:02.351237,2023-06-24 13:26:02.351237,(NULL),3
396,Algeria 10GB,0,0,Africa,2,10,30,algecom-30days-10gb,49,45,49,1,0,0,2023-06-24 13:26:02.385209,2023-06-24 13:26:02.385209,(NULL),1
591,Botswana 10GB,0,0,Africa,2,10,30,40,120,117.5,73.18,1,0,0,2023-06-24 13:26:02.834545,2023-06-24 13:26:02.834545,(NULL),2
592,Burkina Faso 10GB,0,0,Africa,2,10,30,42,120,117.5,94.93,1,0,0,2023-06-24 13:26:02.838652,2023-06-24 13:26:02.838652,(NULL),2
392,Cameroon 10GB,0,0,Africa,2,10,30,esimg_10GB_30D_CM_U,75,65,51.8,0,0,0,2023-06-24 13:26:02.372358,2023-06-24 13:26:02.372358,(NULL),3
599,Central African Republic 10GB,0,0,Africa,2,10,30,47,120,117.5,77.13,1,0,0,2023-06-24 13:26:02.853663,2023-06-24 13:26:02.853663,(NULL),2
404,Chad 10GB,0,0,Africa,2,10,30,esimg_10GB_30D_TD_U,55,50,40.3,0,0,0,2023-06-24 13:26:02.401042,2023-06-24 13:26:02.401042,(NULL),3
409,Congo 10GB,0,0,Africa,2,10,30,esimg_10GB_30D_CD_U,55,50,40.3,0,0,0,2023-06-24 13:26:02.410740,2023-06-24 13:26:02.410740,(NULL),3
422,Egypt 10GB,0,0,Africa,2,10,30,esimg_10GB_30D_EG_U,55,50,40.3,0,0,0,2023-06-24 13:26:02.437391,2023-06-24 13:26:02.437391,(NULL),3
604,Eswatini 10GB,0,0,Africa,2,10,30,112,120,117.5,79.11,1,0,0,2023-06-24 13:26:02.862977,2023-06-24 13:26:02.862977,(NULL),2
594,Ghana 10GB,0,0,Africa,2,10,30,66,30,29,79.11,1,0,0,2023-06-24 13:26:02.840846,2023-06-24 13:26:02.840846,(NULL),2
600,Guinea Bissau 10GB,0,0,Africa,2,10,30,72,120,117.5,79.11,1,0,0,2023-06-24 13:26:02.861505,2023-06-24 13:26:02.861505,(NULL),2
431,Kenya 10GB,0,0,Africa,2,10,30,esimg_10GB_30D_KE_U,45,40,32.2,0,0,0,2023-06-24 13:26:02.458680,2023-06-24 13:26:02.458680,(NULL),3
441,Madagascar 10GB,0,0,Africa,2,10,30,esimg_10GB_30D_MG_U,55,50,40.3,0,0,0,2023-06-24 13:26:02.477533,2023-06-24 13:26:02.477533,(NULL),3
434,Morocco 10GB,0,0,Africa,2,10,30,esimg_10GB_30D_MA_U,65,60.9,51.8,0,0,0,2023-06-24 13:26:02.461184,2023-06-24 13:26:02.461184,(NULL),3
601,Namibia 10GB,0,0,Africa,2,10,30,94,120,117.5,81.09,1,0,0,2023-06-24 13:26:02.862090,2023-06-24 13:26:02.862090,(NULL),2
595,Niger 10GB,0,0,Africa,2,10,30,96,120,117.5,81.09,1,0,0,2023-06-24 13:26:02.848693,2023-06-24 13:26:02.848693,(NULL),2
440,Nigeria 10GB,0,0,Africa,2,10,30,esimg_10GB_30D_NG_U,55,50,40.3,0,0,0,2023-06-24 13:26:02.475195,2023-06-24 13:26:02.475195,(NULL),3
447,Réunion 10GB,0,0,Africa,2,10,30,esimg_10GB_30D_RE_U,55,50,40.3,0,0,0,2023-06-24 13:26:02.491097,2023-06-24 13:26:02.491097,(NULL),3
597,Rwanda 10GB,0,0,Africa,2,10,30,101,120,117.5,79.11,1,0,0,2023-06-24 13:26:02.850387,2023-06-24 13:26:02.850387,(NULL),2
602,Senegal 10GB,0,0,Africa,2,10,30,106,120,117.5,63.29,1,0,0,2023-06-24 13:26:02.863787,2023-06-24 13:26:02.863787,(NULL),2
455,Seychelles 10GB,0,0,Africa,2,10,30,esimg_10GB_30D_SC_U,55,50,40.3,0,0,0,2023-06-24 13:26:02.508140,2023-06-24 13:26:02.508140,(NULL),3
603,Sierra Leone 10GB,0,0,Africa,2,10,30,108,120,117.5,79.11,1,0,0,2023-06-24 13:26:02.864047,2023-06-24 13:26:02.864047,(NULL),2
459,South Africa 10GB,0,0,Africa,2,10,30,cellsa-30days-10gb,26,24,27,1,0,0,2023-06-24 13:26:02.511504,2023-06-24 13:26:02.511504,(NULL),1
464,Tanzania 10GB,0,0,Africa,2,10,30,esimg_10GB_30D_TZ_U,45,40,32.2,0,0,0,2023-06-24 13:26:02.526556,2023-06-24 13:26:02.526556,(NULL),3
481,Uganda 10GB,0,0,Africa,2,10,30,esimg_10GB_30D_UG_U,45,40,32.2,0,0,0,2023-06-24 13:26:02.564356,2023-06-24 13:26:02.564356,(NULL),3
473,Zambia 10GB,0,0,Africa,2,10,30,esimg_10GB_30D_ZM_U,55,50,40.3,0,0,0,2023-06-24 13:26:02.544408,2023-06-24 13:26:02.544408,(NULL),3
496,Egypt 20GB,0,0,Africa,2,20,30,esimg_20GB_30D_EG_U,99,85,69,0,0,0,2023-06-24 13:26:02.593428,2023-06-24 13:26:02.593428,(NULL),3
549,Bangladesh,0,0,Asia,2,1,7,fatafati-7days-1gb,6,4.5,4.5,1,0,0,2023-06-24 13:26:02.727695,2023-06-24 13:26:02.727695,(NULL),1
555,Cambodia,0,0,Asia,2,1,7,connect-cambodia-7days-1gb,4.5,4.3,4.5,1,0,0,2023-06-24 13:26:02.746882,2023-06-24 13:26:02.746882,(NULL),1
130,China,0,0,Asia,2,1,7,esimg_1GB_7D_CN_U,7,4.25,3.5,0,0,0,2023-06-24 13:26:01.682727,2023-06-24 13:26:01.682727,(NULL),3
17,Hong Kong,0,0,Asia,2,1,7,esimg_1GB_7D_HK_U,5,2.5,2.2,0,0,0,2023-06-24 13:26:01.331646,2023-06-24 13:26:01.331646,(NULL),3
570,India,0,0,Asia,2,1,7,esimg_1GB_7D_IN_U,4.5,4.3,5.8,0,0,0,2023-06-24 13:26:02.787678,2023-06-24 13:26:02.787678,(NULL),3
565,Indonesia,0,0,Asia,2,1,7,esimg_1GB_7D_ID_U,5,3,2.2,0,0,0,2023-06-24 13:26:02.763282,2023-06-24 13:26:02.763282,(NULL),3
15,Kazakhstan,0,0,Asia,2,1,7,esimg_1GB_7D_KZ_U,5,3.5,2.5,0,0,0,2023-06-24 13:26:01.320763,2023-06-24 13:26:01.320763,(NULL),3
575,Korea,0,0,Asia,2,1,7,esimg_1GB_7D_KR_U,5,3.5,2.5,0,0,0,2023-06-24 13:26:02.797793,2023-06-24 13:26:02.797793,(NULL),3
551,Laos,0,0,Asia,2,1,7,pak-ou-mobile-7days-1gb,9.5,9,9.5,1,0,0,2023-06-24 13:26:02.728842,2023-06-24 13:26:02.728842,(NULL),1
39,Macao,0,0,Asia,2,1,7,esimg_1GB_7D_MO_U,5,2.5,2.2,0,0,0,2023-06-24 13:26:01.393203,2023-06-24 13:26:01.393203,(NULL),3
161,Malaysia,0,0,Asia,2,1,7,esimg_1GB_7D_MY_U,5,3.5,2.5,0,0,0,2023-06-24 13:26:01.789395,2023-06-24 13:26:01.789395,(NULL),3
558,Mongolia,0,0,Asia,2,1,7,mongo-mobile-fiber-7days-1gb,9,8.5,9,1,0,0,2023-06-24 13:26:02.748985,2023-06-24 13:26:02.748985,(NULL),1
563,Nepal,0,0,Asia,2,1,7,patancell-7days-1gb,9.5,9,9.5,1,0,0,2023-06-24 13:26:02.761613,2023-06-24 13:26:02.761613,(NULL),1
2,Pakistan,0,0,Asia,2,1,7,esimg_1GB_7D_PK_U,5,3.5,2.5,0,0,0,2023-06-24 13:26:01.231881,2023-06-24 13:26:01.231881,(NULL),3
142,Singapore,0,0,Asia,2,1,7,esimg_1GB_7D_SG_U,5,3.5,2.2,0,0,0,2023-06-24 13:26:01.736586,2023-06-24 13:26:01.736586,(NULL),3
16,Sri Lanka,0,0,Asia,2,1,7,esimg_1GB_7D_LK_U,5,3.5,2.5,0,0,0,2023-06-24 13:26:01.321092,2023-06-24 13:26:01.321092,(NULL),3
71,Thailand,0,0,Asia,2,1,7,esimg_1GB_7D_TH_U,5,3.5,2.2,0,0,0,2023-06-24 13:26:01.508077,2023-06-24 13:26:01.508077,(NULL),3
132,Uzbekistan,0,0,Asia,2,1,7,esimg_1GB_7D_UZ_U,7.5,3.5,2.5,0,0,0,2023-06-24 13:26:01.688903,2023-06-24 13:26:01.688903,(NULL),3
73,Vietnam,0,0,Asia,2,1,7,esimg_1GB_7D_VN_U,5,3,2.5,0,0,0,2023-06-24 13:26:01.511664,2023-06-24 13:26:01.511664,(NULL),3
162,Bangladesh 3GB,0,0,Asia,2,3,30,fatafati-30days-3gb,9,8.3,9,1,0,0,2023-06-24 13:26:01.789704,2023-06-24 13:26:01.789704,(NULL),1
185,Cambodia 3GB,0,0,Asia,2,3,30,connect-cambodia-30days-3gb,9.5,8.3,9,1,0,0,2023-06-24 13:26:01.855009,2023-06-24 13:26:01.855009,(NULL),1
199,Hong Kong 3GB,0,0,Asia,2,3,30,esimg_3GB_30D_HK_U,10,6,5.5,0,0,0,2023-06-24 13:26:01.889203,2023-06-24 13:26:01.889203,(NULL),3
201,Indonesia 3GB,0,0,Asia,2,3,30,esimg_3GB_30D_ID_U,10,7,5.5,0,0,0,2023-06-24 13:26:01.892401,2023-06-24 13:26:01.892401,(NULL),3
195,Kazakhstan 3GB,0,0,Asia,2,3,30,esimg_3GB_30D_KZ_U,12.5,8.5,6.3,0,0,0,2023-06-24 13:26:01.880386,2023-06-24 13:26:01.880386,(NULL),3
209,Korea 3GB,0,0,Asia,2,3,30,esimg_3GB_30D_KR_U,12.5,8.5,6.3,0,0,0,2023-06-24 13:26:01.918734,2023-06-24 13:26:01.918734,(NULL),3
224,Macau 3GB,0,0,Asia,2,3,30,esimg_3GB_30D_MO_U,10,6,5.5,0,0,0,2023-06-24 13:26:01.956582,2023-06-24 13:26:01.956582,(NULL),3
233,Malaysia 3GB,0,0,Asia,2,3,30,esimg_3GB_30D_MY_U,12.5,8.5,6.3,0,0,0,2023-06-24 13:26:01.982127,2023-06-24 13:26:01.982127,(NULL),3
213,Mongolia 3GB,0,0,Asia,2,3,30,mongo-mobile-fiber-30days-3gb,24,22,24,1,0,0,2023-06-24 13:26:01.932291,2023-06-24 13:26:01.932291,(NULL),1
222,Pakistan 3GB,0,0,Asia,2,3,30,esimg_3GB_30D_PK_U,12.5,8.5,6.3,0,0,0,2023-06-24 13:26:01.953720,2023-06-24 13:26:01.953720,(NULL),3
245,Singapore 3GB,0,0,Asia,2,3,30,esimg_3GB_30D_SG_U,10,6,5.5,0,0,0,2023-06-24 13:26:02.011707,2023-06-24 13:26:02.011707,(NULL),3
250,Sri Lanka 3GB,0,0,Asia,2,3,30,esimg_3GB_30D_LK_U,12.5,8.5,6.3,0,0,0,2023-06-24 13:26:02.022868,2023-06-24 13:26:02.022868,(NULL),3
256,Thailand 3GB,0,0,Asia,2,3,30,esimg_3GB_30D_TH_U,10,6,5.5,0,0,0,2023-06-24 13:26:02.038504,2023-06-24 13:26:02.038504,(NULL),3
260,Vietnam 3GB,0,0,Asia,2,3,30,esimg_3GB_30D_VN_U,12.5,8.5,6.3,0,0,0,2023-06-24 13:26:02.047381,2023-06-24 13:26:02.047381,(NULL),3
277,Bangladesh 5GB,0,0,Asia,2,5,30,fatafati-30days-5gb,13,12,13,1,0,0,2023-06-24 13:26:02.085051,2023-06-24 13:26:02.085051,(NULL),1
290,Cambodia 5GB,0,0,Asia,2,5,30,connect-cambodia-30days-5gb,15,12.5,13.5,1,0,0,2023-06-24 13:26:02.125460,2023-06-24 13:26:02.125460,(NULL),1
324,Hong Kong 5GB,0,0,Asia,2,5,30,esimg_5GB_30D_HK_U,15,10,8.6,0,0,0,2023-06-24 13:26:02.211548,2023-06-24 13:26:02.211548,(NULL),3
311,India 5GB,0,0,Asia,2,5,30,indidcomm-30days-5gb,16,14.5,16,1,0,0,2023-06-24 13:26:02.180832,2023-06-24 13:26:02.180832,(NULL),1
333,Kazakhstan 5GB,0,0,Asia,2,5,30,esimg_5GB_30D_KZ_U,20,15,9.8,0,0,0,2023-06-24 13:26:02.233953,2023-06-24 13:26:02.233953,(NULL),3
313,Korea 5GB,0,0,Asia,2,5,30,esimg_5GB_30D_KR_U,20,15,9.8,0,0,0,2023-06-24 13:26:02.185377,2023-06-24 13:26:02.185377,(NULL),3
340,Macau 5GB,0,0,Asia,2,5,30,esimg_5GB_30D_MO_U,15,10,8.6,0,0,0,2023-06-24 13:26:02.250477,2023-06-24 13:26:02.250477,(NULL),3
335,Malaysia 5GB,0,0,Asia,2,5,30,esimg_5GB_30D_MY_U,20,15,9.8,0,0,0,2023-06-24 13:26:02.235425,2023-06-24 13:26:02.235425,(NULL),3
331,Mongolia 5GB,0,0,Asia,2,5,30,mongo-mobile-fiber-30days-5gb,35,32,35,1,0,0,2023-06-24 13:26:02.229329,2023-06-24 13:26:02.229329,(NULL),1
357,Pakistan 5GB,0,0,Asia,2,5,30,esimg_5GB_30D_PK_U,20,15,9.8,0,0,0,2023-06-24 13:26:02.288385,2023-06-24 13:26:02.288385,(NULL),3
358,Singapore 5GB,0,0,Asia,2,5,30,esimg_5GB_30D_SG_U,15,10,8.6,0,0,0,2023-06-24 13:26:02.293795,2023-06-24 13:26:02.293795,(NULL),3
373,Sri Lanka 5GB,0,0,Asia,2,5,30,esimg_5GB_30D_LK_U,20,15,9.8,0,0,0,2023-06-24 13:26:02.329037,2023-06-24 13:26:02.329037,(NULL),3
372,Thailand 5GB,0,0,Asia,2,5,30,esimg_5GB_30D_TH_U,15,10,8.6,0,0,0,2023-06-24 13:26:02.326136,2023-06-24 13:26:02.326136,(NULL),3
376,Vietnam 5GB,0,0,Asia,2,5,30,esimg_5GB_30D_VN_U,20,15,9.8,0,0,0,2023-06-24 13:26:02.333371,2023-06-24 13:26:02.333371,(NULL),3
380,Bangladesh 10GB,0,0,Asia,2,10,30,fatafati-30days-10gb,22,20,22,1,0,0,2023-06-24 13:26:02.343851,2023-06-24 13:26:02.343851,(NULL),1
414,Hong Kong 10GB,0,0,Asia,2,10,30,esimg_10GB_30D_HK_U,25,15,15,0,0,0,2023-06-24 13:26:02.419619,2023-06-24 13:26:02.419619,(NULL),3
426,India 10GB,0,0,Asia,2,10,30,indicomm-30days-10gb,27,25,27,1,0,0,2023-06-24 13:26:02.448311,2023-06-24 13:26:02.448311,(NULL),1
418,Indonesia 10GB,0,0,Asia,2,10,30,esimg_10GB_30D_ID_U,25,20,15,0,0,0,2023-06-24 13:26:02.429456,2023-06-24 13:26:02.429456,(NULL),3
437,Kazakhstan 10GB,0,0,Asia,2,10,30,esimg_10GB_30D_KZ_U,30,22.5,17.3,0,0,0,2023-06-24 13:26:02.470144,2023-06-24 13:26:02.470144,(NULL),3
433,Korea 10GB,0,0,Asia,2,10,30,esimg_10GB_30D_KR_U,30,22.5,17.3,0,0,0,2023-06-24 13:26:02.459204,2023-06-24 13:26:02.459204,(NULL),3
462,Macau 10GB,0,0,Asia,2,10,30,esimg_10GB_30D_MO_U,25,15,15,0,0,0,2023-06-24 13:26:02.519641,2023-06-24 13:26:02.519641,(NULL),3
438,Malaysia 10GB,0,0,Asia,2,10,30,esimg_10GB_30D_MO_U,30,22.5,15,0,0,0,2023-06-24 13:26:02.472741,2023-06-24 13:26:02.472741,(NULL),3
454,Pakistan 10GB,0,0,Asia,2,10,30,esimg_10GB_30D_PK_U,30,22.5,17.3,0,0,0,2023-06-24 13:26:02.504445,2023-06-24 13:26:02.504445,(NULL),3
456,Singapore 10GB,0,0,Asia,2,10,30,esimg_10GB_30D_SG_U,25,15,15,0,0,0,2023-06-24 13:26:02.509675,2023-06-24 13:26:02.509675,(NULL),3
495,Sri Lanka 10GB,0,0,Asia,2,10,30,esimg_10GB_30D_LK_U,30,22.5,17.3,0,0,0,2023-06-24 13:26:02.593026,2023-06-24 13:26:02.593026,(NULL),3
472,Vietnam 10GB,0,0,Asia,2,10,30,esimg_10GB_30D_VN_U,30,22.5,17.3,0,0,0,2023-06-24 13:26:02.538815,2023-06-24 13:26:02.538815,(NULL),3
129,Albania,0,0,Europe,2,1,7,hej-telecom-7days-1gb,7.5,7,4.5,1,0,0,2023-06-24 13:26:01.682214,2023-06-24 13:26:01.682214,(NULL),1
47,Andorra,0,0,Europe,2,1,7,handi-7days-1gb,4.5,4.3,4.5,1,0,0,2023-06-24 13:26:01.420174,2023-06-24 13:26:01.420174,(NULL),1
101,Austria,0,0,Europe,2,1,7,esimg_1GB_7D_AT_U,5,2.5,1.7,0,0,0,2023-06-24 13:26:01.591212,2023-06-24 13:26:01.591212,(NULL),3
102,Belarus,0,0,Europe,2,1,7,norach-telecom-7days-1gb,9.5,9,9.5,1,0,0,2023-06-24 13:26:01.595926,2023-06-24 13:26:01.595926,(NULL),1
120,Belgium,0,0,Europe,2,1,7,esimg_1GB_7D_BE_U,5,2.5,1.7,0,0,0,2023-06-24 13:26:01.648952,2023-06-24 13:26:01.648952,(NULL),3
119,Bosnia and Herzegovina,0,0,Europe,2,1,7,bosher-7days-1gb,4.5,4.3,4.5,1,0,0,2023-06-24 13:26:01.643086,2023-06-24 13:26:01.643086,(NULL),1
104,Bulgaria,0,0,Europe,2,1,7,esimg_1GB_7D_BG_U,5,2.5,1.7,0,0,0,2023-06-24 13:26:01.604675,2023-06-24 13:26:01.604675,(NULL),3
135,Croatia,0,0,Europe,2,1,7,esimg_1GB_7D_HR_U,5,2.5,1.7,0,0,0,2023-06-24 13:26:01.715194,2023-06-24 13:26:01.715194,(NULL),3
107,Cyprus,0,0,Europe,2,1,7,esimg_1GB_7D_CY_U,5,2.5,1.7,0,0,0,2023-06-24 13:26:01.613301,2023-06-24 13:26:01.613301,(NULL),3
115,Czech Republic,0,0,Europe,2,1,7,esimg_1GB_7D_CZ_U,5,2.5,1.7,0,0,0,2023-06-24 13:26:01.632909,2023-06-24 13:26:01.632909,(NULL),3
109,Denmark,0,0,Europe,2,1,7,esimg_1GB_7D_DK_U,5,2.5,1.7,0,0,0,2023-06-24 13:26:01.618582,2023-06-24 13:26:01.618582,(NULL),3
110,Estonia,0,0,Europe,2,1,7,esimg_1GB_7D_EE_U,5,2.5,1.7,0,0,0,2023-06-24 13:26:01.621271,2023-06-24 13:26:01.621271,(NULL),3
111,Finland,0,0,Europe,2,1,7,esimg_1GB_7D_FI_U,5,2.5,1.7,0,0,0,2023-06-24 13:26:01.621740,2023-06-24 13:26:01.621740,(NULL),3
118,France,0,0,Europe,2,1,7,esimg_1GB_7D_FR_U,5,2.5,1.7,0,0,0,2023-06-24 13:26:01.640517,2023-06-24 13:26:01.640517,(NULL),3
553,Georgia,0,0,Eastern Europe,2,1,7,kargi-mobile-7days-1gb,5.5,5,5.5,1,0,0,2023-06-24 13:26:02.740695,2023-06-24 13:26:02.740695,(NULL),1
127,Germany,0,0,Europe,2,1,7,esimg_1GB_7D_DE_U,5,2.5,1.7,0,0,0,2023-06-24 13:26:01.678741,2023-06-24 13:26:01.678741,(NULL),3
121,Gibraltar,0,0,Europe,2,1,7,esimg_1GB_7D_GI_U,9.5,7.2,5.8,0,0,0,2023-06-24 13:26:01.649847,2023-06-24 13:26:01.649847,(NULL),3
54,Greece,0,0,Europe,2,1,7,esimg_1GB_7D_GR_U,5,2.5,1.7,0,0,0,2023-06-24 13:26:01.442316,2023-06-24 13:26:01.442316,(NULL),3
49,Hungary,0,0,Europe,2,1,7,esimg_1GB_7D_HU_U,5,2.5,1.7,0,0,0,2023-06-24 13:26:01.423335,2023-06-24 13:26:01.423335,(NULL),3
35,Iceland,0,0,Europe,2,1,7,esimg_1GB_7D_IS_U,5,2.5,1.7,0,0,0,2023-06-24 13:26:01.385760,2023-06-24 13:26:01.385760,(NULL),3
573,Ireland,0,0,Europe,2,1,7,esimg_1GB_7D_IE_U,5,2.5,1.7,0,0,0,2023-06-24 13:26:02.790710,2023-06-24 13:26:02.790710,(NULL),3
34,Italy,0,0,Europe,2,1,7,esimg_1GB_7D_IT_U,5,2.5,1.7,0,0,0,2023-06-24 13:26:01.380000,2023-06-24 13:26:01.380000,(NULL),3
134,Kosovo,0,0,Europe,2,1,7,kosnet-7days-1gb,6.5,6,6.5,1,0,0,2023-06-24 13:26:01.707242,2023-06-24 13:26:01.707242,(NULL),1
41,Latvia,0,0,Europe,2,1,7,esimg_1GB_7D_LV_U,5,2.5,1.7,0,0,0,2023-06-24 13:26:01.401317,2023-06-24 13:26:01.401317,(NULL),3
576,Liechtenstein,0,0,Europe,2,1,7,134,5,2.5,1.8,1,0,0,2023-06-24 13:26:02.798099,2023-06-24 13:26:02.798099,(NULL),2
38,Lithuania,0,0,Europe,2,1,7,esimg_1GB_7D_LT_U,5,2.5,1.7,0,0,0,2023-06-24 13:26:01.392725,2023-06-24 13:26:01.392725,(NULL),3
37,Luxembourg,0,0,Europe,2,1,7,esimg_1GB_7D_LU_U,5,2.5,1.7,0,0,0,2023-06-24 13:26:01.386684,2023-06-24 13:26:01.386684,(NULL),3
28,Macedonia,0,0,Europe,2,1,7,esimg_1GB_7D_MK_U,7,4.25,3.5,0,0,0,2023-06-24 13:26:01.370771,2023-06-24 13:26:01.370771,(NULL),3
26,Malta,0,0,Europe,2,1,7,esimg_1GB_7D_MT_U,5,2.5,1.7,0,0,0,2023-06-24 13:26:01.355049,2023-06-24 13:26:01.355049,(NULL),3
25,Moldova,0,0,Europe,2,1,7,soroca-mobile-7days-1gb,5.5,5.3,5.5,1,0,0,2023-06-24 13:26:01.354797,2023-06-24 13:26:01.354797,(NULL),1
146,Montenegro,0,0,Europe,2,1,7,jezero-7days-1gb,6.5,6,6.5,1,0,0,2023-06-24 13:26:01.746585,2023-06-24 13:26:01.746585,(NULL),1
4,Netherlands,0,0,Europe,2,1,7,esimg_1GB_7D_NL_U,5,2.5,1.7,0,0,0,2023-06-24 13:26:01.236037,2023-06-24 13:26:01.236037,(NULL),3
33,Norway,0,0,Europe,2,1,7,esimg_1GB_7D_NO_U,5,2.5,1.7,0,0,0,2023-06-24 13:26:01.379506,2023-06-24 13:26:01.379506,(NULL),3
40,Poland,0,0,Europe,2,1,7,esimg_1GB_7D_PL_U,5,2.5,1.7,0,0,0,2023-06-24 13:26:01.396538,2023-06-24 13:26:01.396538,(NULL),3
31,Portugal,0,0,Europe,2,1,7,esimg_1GB_7D_PT_U,5,2.5,1.7,0,0,0,2023-06-24 13:26:01.373784,2023-06-24 13:26:01.373784,(NULL),3
30,Romania,0,0,Europe,2,1,7,esimg_1GB_7D_RO_U,5,2.5,1.7,0,0,0,2023-06-24 13:26:01.372818,2023-06-24 13:26:01.372818,(NULL),3
22,Russia,0,0,Eastern Europe,2,1,7,esimg_1GB_7D_RU_U,5,3,2.2,0,0,0,2023-06-24 13:26:01.352393,2023-06-24 13:26:01.352393,(NULL),3
29,Serbia,0,0,Europe,2,1,7,esimg_1GB_7D_RS_U,7,4.25,3.5,0,0,0,2023-06-24 13:26:01.371736,2023-06-24 13:26:01.371736,(NULL),3
140,Slovakia,0,0,Europe,2,1,7,esimg_1GB_7D_SK_U,5,2.5,1.7,0,0,0,2023-06-24 13:26:01.723823,2023-06-24 13:26:01.723823,(NULL),3
19,Slovenia,0,0,Europe,2,1,7,esimg_1GB_7D_SI_U,5,2.5,1.7,0,0,0,2023-06-24 13:26:01.339033,2023-06-24 13:26:01.339033,(NULL),3
18,Spain,0,0,Europe,2,1,7,esimg_1GB_7D_ES_U,5,2.5,1.7,0,0,0,2023-06-24 13:26:01.338512,2023-06-24 13:26:01.338512,(NULL),3
27,Sweden,0,0,Europe,2,1,7,esimg_1GB_7D_SE_U,5,2.5,1.7,0,0,0,2023-06-24 13:26:01.358071,2023-06-24 13:26:01.358071,(NULL),3
32,Switzerland,0,0,Europe,2,1,7,esimg_1GB_7D_CH_U,5,2.5,1.7,0,0,0,2023-06-24 13:26:01.379019,2023-06-24 13:26:01.379019,(NULL),3
24,Turkey,0,0,Europe,2,1,7,esimg_1GB_7D_TR_U,5,2.5,1.7,0,0,0,2023-06-24 13:26:01.353323,2023-06-24 13:26:01.353323,(NULL),3
23,Ukraine,0,0,Europe,2,1,7,esimg_1GB_7D_UA_U,5,2.5,1.7,0,0,0,2023-06-24 13:26:01.352885,2023-06-24 13:26:01.352885,(NULL),3
20,United Kingdom,0,0,Europe,2,1,7,esimg_1GB_7D_GB_U,5,2.5,1.7,0,0,0,2023-06-24 13:26:01.341745,2023-06-24 13:26:01.341745,(NULL),3
164,Albania 3GB,0,0,Eastern Europe,2,3,30,hej-telecom-30days-3gb,11,10.5,9.5,1,0,0,2023-06-24 13:26:01.798330,2023-06-24 13:26:01.798330,(NULL),1
157,Andorra 3GB,0,0,Europe,2,3,30,handi-30days-3gb,10.5,9.5,10.5,1,0,0,2023-06-24 13:26:01.774179,2023-06-24 13:26:01.774179,(NULL),1
151,Austria 3GB,0,0,Europe,2,3,30,esimg_3GB_30D_AT_U,10,6,4,0,0,0,2023-06-24 13:26:01.756487,2023-06-24 13:26:01.756487,(NULL),3
155,Belgium 3GB,0,0,Europe,2,3,30,esimg_3GB_30D_BE_U,10,6,4,0,0,0,2023-06-24 13:26:01.771145,2023-06-24 13:26:01.771145,(NULL),3
156,Bosnia and Herzegovina 3GB,0,0,Eastern Europe,2,3,30,bosher-30days-3gb,9.5,8.8,9.5,1,0,0,2023-06-24 13:26:01.771606,2023-06-24 13:26:01.771606,(NULL),1
168,Bulgaria 3GB,0,0,Europe,2,3,30,esimg_3GB_30D_BG_U,10,6,4,0,0,0,2023-06-24 13:26:01.811343,2023-06-24 13:26:01.811343,(NULL),3
170,Croatia 3GB,0,0,Eastern Europe,2,3,30,esimg_3GB_30D_HR_U,10,6,4,0,0,0,2023-06-24 13:26:01.812947,2023-06-24 13:26:01.812947,(NULL),3
177,Cyprus 3GB,0,0,Europe,2,3,30,esimg_3GB_30D_CY_U,10,6,4,0,0,0,2023-06-24 13:26:01.836615,2023-06-24 13:26:01.836615,(NULL),3
180,Czech Republic 3GB,0,0,Europe,2,3,30,esimg_3GB_30D_CZ_U,10,6,4,0,0,0,2023-06-24 13:26:01.839583,2023-06-24 13:26:01.839583,(NULL),3
175,Denmark 3GB,0,0,Europe,2,3,30,esimg_3GB_30D_DK_U,10,6,4,0,0,0,2023-06-24 13:26:01.827712,2023-06-24 13:26:01.827712,(NULL),3
187,Estonia 3GB,0,0,Europe,2,3,30,esimg_3GB_30D_EE_U,10,6,4,0,0,0,2023-06-24 13:26:01.857571,2023-06-24 13:26:01.857571,(NULL),3
194,Finland 3GB,0,0,Europe,2,3,30,esimg_3GB_30D_FI_U,10,6,4,0,0,0,2023-06-24 13:26:01.879172,2023-06-24 13:26:01.879172,(NULL),3
196,France 3GB,0,0,Europe,2,3,30,esimg_3GB_30D_FR_U,10,6,4,0,0,0,2023-06-24 13:26:01.882986,2023-06-24 13:26:01.882986,(NULL),3
183,Georgia 3GB,0,0,Eastern Europe,2,3,30,kargi-mobile-30days-3gb,13,12,13.5,1,0,0,2023-06-24 13:26:01.844171,2023-06-24 13:26:01.844171,(NULL),1
181,Germany 3GB,0,0,Europe,2,3,30,esimg_3GB_30D_DE_U,10,6,4,0,0,0,2023-06-24 13:26:01.840087,2023-06-24 13:26:01.840087,(NULL),3
192,Gibraltar (UK) 3GB,0,0,Europe,2,3,30,esimg_3GB_30D_GI_U,32.5,28,15,0,0,0,2023-06-24 13:26:01.869840,2023-06-24 13:26:01.869840,(NULL),3
193,Greece 3GB,0,0,Europe,2,3,30,esimg_3GB_30D_GR_U,10,6,4,0,0,0,2023-06-24 13:26:01.870404,2023-06-24 13:26:01.870404,(NULL),3
190,Hungary 3GB,0,0,Europe,2,3,30,esimg_3GB_30D_HU_U,10,6,4,0,0,0,2023-06-24 13:26:01.861993,2023-06-24 13:26:01.861993,(NULL),3
191,Iceland 3GB,0,0,Europe,2,3,30,esimg_3GB_30D_IS_U,10,6,4,0,0,0,2023-06-24 13:26:01.866399,2023-06-24 13:26:01.866399,(NULL),3
200,Ireland 3GB,0,0,Europe,2,3,30,esimg_3GB_30D_IE_U,10,6,4,0,0,0,2023-06-24 13:26:01.890193,2023-06-24 13:26:01.890193,(NULL),3
207,Italy 3GB,0,0,Europe,2,3,30,esimg_3GB_30D_IT_U,10,6,4,0,0,0,2023-06-24 13:26:01.916523,2023-06-24 13:26:01.916523,(NULL),3
217,Kosovo 3GB,0,0,Eastern Europe,2,3,30,kosnet-30days-3gb,15,14,16,1,0,0,2023-06-24 13:26:01.941742,2023-06-24 13:26:01.941742,(NULL),1
219,Latvia 3GB,0,0,Eastern Europe,2,3,30,esimg_3GB_30D_LV_U,10,6,4,0,0,0,2023-06-24 13:26:01.945980,2023-06-24 13:26:01.945980,(NULL),3
204,Liechtenstein 3GB,0,0,Europe,2,3,30,esimg_3GB_30D_LI_U,10,6,4,0,0,0,2023-06-24 13:26:01.909618,2023-06-24 13:26:01.909618,(NULL),3
205,Lithuania 3GB,0,0,Europe,2,3,30,esimg_3GB_30D_LT_U,10,6,4,0,0,0,2023-06-24 13:26:01.910089,2023-06-24 13:26:01.910089,(NULL),3
206,Luxembourg 3GB,0,0,Europe,2,3,30,esimg_3GB_30D_LU_U,10,6,4,0,0,0,2023-06-24 13:26:01.912510,2023-06-24 13:26:01.912510,(NULL),3
212,Macedonia 3GB,0,0,Eastern Europe,2,3,30,esimg_3GB_30D_MK_U,15,12,9.4,0,0,0,2023-06-24 13:26:01.930724,2023-06-24 13:26:01.930724,(NULL),3
218,Malta 3GB,0,0,Europe,2,3,30,esimg_3GB_30D_MT_U,10,6,4,0,0,0,2023-06-24 13:26:01.942935,2023-06-24 13:26:01.942935,(NULL),3
225,Moldova 3GB,0,0,Eastern Europe,2,3,30,soroca-mobile-30days-3gb,13.5,12.5,13.5,1,0,0,2023-06-24 13:26:01.962567,2023-06-24 13:26:01.962567,(NULL),1
231,Montenegro 3GB,0,0,Eastern Europe,2,3,30,jezero-30days-3gb,15,13.5,15,1,0,0,2023-06-24 13:26:01.981877,2023-06-24 13:26:01.981877,(NULL),1
227,Netherlands 3GB,0,0,Europe,2,3,30,esimg_3GB_30D_NL_U,10,6,4,0,0,0,2023-06-24 13:26:01.964759,2023-06-24 13:26:01.964759,(NULL),3
221,Norway 3GB,0,0,Europe,2,3,30,esimg_3GB_30D_NO_U,10,6,4,0,0,0,2023-06-24 13:26:01.948993,2023-06-24 13:26:01.948993,(NULL),3
230,Poland 3GB,0,0,Europe,2,3,30,esimg_5GB_30D_PL_U,10,6,5.8,0,0,0,2023-06-24 13:26:01.970950,2023-06-24 13:26:01.970950,(NULL),3
232,Portugal 3GB,0,0,Europe,2,3,30,esimg_3GB_30D_PT_U,10,6,4,0,0,0,2023-06-24 13:26:01.981910,2023-06-24 13:26:01.981910,(NULL),3
237,Romania 3GB,0,0,Eastern Europe,2,3,30,esimg_3GB_30D_RO_U,10,6,4,0,0,0,2023-06-24 13:26:01.989571,2023-06-24 13:26:01.989571,(NULL),3
244,Russia 3GB,0,0,Eastern Europe,2,3,30,esimg_3GB_30D_RU_U,10,7,5.5,0,0,0,2023-06-24 13:26:02.007544,2023-06-24 13:26:02.007544,(NULL),3
238,Serbia 3GB,0,0,Eastern Europe,2,3,30,esimg_3GB_30D_RS_U,15,12,9.4,0,0,0,2023-06-24 13:26:01.991708,2023-06-24 13:26:01.991708,(NULL),3
257,Slovakia 3GB,0,0,Eastern Europe,2,3,30,esimg_3GB_30D_SK_U,10,6,4,0,0,0,2023-06-24 13:26:02.038941,2023-06-24 13:26:02.038941,(NULL),3
254,Slovenia 3GB,0,0,Eastern Europe,2,3,30,esimg_3GB_30D_SI_U,10,6,4,0,0,0,2023-06-24 13:26:02.031697,2023-06-24 13:26:02.031697,(NULL),3
264,Spain 3GB,0,0,Europe,2,3,30,esimg_3GB_30D_ES_U,10,6,4,0,0,0,2023-06-24 13:26:02.054972,2023-06-24 13:26:02.054972,(NULL),3
253,Sweden 3GB,0,0,Europe,2,3,30,esimg_3GB_30D_SE_U,10,6,4,0,0,0,2023-06-24 13:26:02.031265,2023-06-24 13:26:02.031265,(NULL),3
255,Switzerland 3GB,0,0,Europe,2,3,30,esimg_3GB_30D_CH_U,10,6,4,0,0,0,2023-06-24 13:26:02.034969,2023-06-24 13:26:02.034969,(NULL),3
246,Turkey 3GB,0,0,Europe,2,3,30,esimg_3GB_30D_TR_U,10,6,4,0,0,0,2023-06-24 13:26:02.014541,2023-06-24 13:26:02.014541,(NULL),3
271,Ukraine 3GB,0,0,Europe,2,3,30,esimg_3GB_30D_UA_U,10,6,4,0,0,0,2023-06-24 13:26:02.072186,2023-06-24 13:26:02.072186,(NULL),3
251,United Kingdom 3GB,0,0,Europe,2,3,30,esimg_3GB_30D_GB_U,10,6,4,0,0,0,2023-06-24 13:26:02.024275,2023-06-24 13:26:02.024275,(NULL),3
263,Albania 5GB,0,0,Eastern Europe,2,5,30,hej-telecom-30days-5gb,15.5,14.5,13,1,0,0,2023-06-24 13:26:02.053856,2023-06-24 13:26:02.053856,(NULL),1
273,Andorra 5GB,0,0,Europe,2,5,30,handi-30days-5gb,15,14,15,1,0,0,2023-06-24 13:26:02.077414,2023-06-24 13:26:02.077414,(NULL),1
278,Austria 5GB,0,0,Europe,2,5,30,esimg_5GB_30D_AT_U,15,10,5.8,0,0,0,2023-06-24 13:26:02.088451,2023-06-24 13:26:02.088451,(NULL),3
272,Belgium 5GB,0,0,Europe,2,5,30,esimg_5GB_30D_BE_U,15,10,5.8,0,0,0,2023-06-24 13:26:02.073042,2023-06-24 13:26:02.073042,(NULL),3
282,Bosnia and Herzegovina 5GB,0,0,Eastern Europe,2,5,30,bosher-30days-5gb,13,12,13,1,0,0,2023-06-24 13:26:02.098166,2023-06-24 13:26:02.098166,(NULL),1
299,Bulgaria 5GB,0,0,Europe,2,5,30,esimg_5GB_30D_BG_U,15,10,5.8,0,0,0,2023-06-24 13:26:02.145683,2023-06-24 13:26:02.145683,(NULL),3
286,Croatia 5GB,0,0,Eastern Europe,2,5,30,esimg_5GB_30D_HR_U,15,10,5.8,0,0,0,2023-06-24 13:26:02.114268,2023-06-24 13:26:02.114268,(NULL),3
300,Cyprus 5GB,0,0,Europe,2,5,30,esimg_5GB_30D_CY_U,15,10,5.8,0,0,0,2023-06-24 13:26:02.146248,2023-06-24 13:26:02.146248,(NULL),3
287,Czech Republic 5GB,0,0,Europe,2,5,30,esimg_5GB_30D_CZ_U,15,10,5.8,0,0,0,2023-06-24 13:26:02.114632,2023-06-24 13:26:02.114632,(NULL),3
308,Denmark 5GB,0,0,Europe,2,5,30,esimg_5GB_30D_DK_U,15,10,5.8,0,0,0,2023-06-24 13:26:02.166886,2023-06-24 13:26:02.166886,(NULL),3
312,Estonia 5GB,0,0,Europe,2,5,30,esimg_5GB_30D_EE_U,15,10,5.8,0,0,0,2023-06-24 13:26:02.182259,2023-06-24 13:26:02.182259,(NULL),3
296,Finland 5GB,0,0,Europe,2,5,30,esimg_5GB_30D_FI_U,15,10,5.8,0,0,0,2023-06-24 13:26:02.138607,2023-06-24 13:26:02.138607,(NULL),3
303,France 5GB,0,0,Europe,2,5,30,esimg_5GB_30D_FR_U,15,10,5.8,0,0,0,2023-06-24 13:26:02.159084,2023-06-24 13:26:02.159084,(NULL),3
315,Georgia 5GB,0,0,Eastern Europe,2,5,30,kargi-mobile-30days-5gb,20,19,20,1,0,0,2023-06-24 13:26:02.188096,2023-06-24 13:26:02.188096,(NULL),1
307,Germany 5GB,0,0,Europe,2,5,30,esimg_5GB_30D_DE_U,15,10,5.8,0,0,0,2023-06-24 13:26:02.166148,2023-06-24 13:26:02.166148,(NULL),3
302,Gibraltar (UK) 5GB,0,0,Europe,2,5,30,esimg_5GB_30D_GI_U,15,10,23,0,0,0,2023-06-24 13:26:02.155256,2023-06-24 13:26:02.155256,(NULL),3
304,Greece 5GB,0,0,Europe,2,5,30,esimg_5GB_30D_GR_U,15,10,5.8,0,0,0,2023-06-24 13:26:02.159499,2023-06-24 13:26:02.159499,(NULL),3
318,Hungary 5GB,0,0,Europe,2,5,30,esimg_5GB_30D_HU_U,15,10,5.8,0,0,0,2023-06-24 13:26:02.196859,2023-06-24 13:26:02.196859,(NULL),3
309,Iceland 5GB,0,0,Europe,2,5,30,esimg_5GB_30D_IS_U,15,10,5.8,0,0,0,2023-06-24 13:26:02.170095,2023-06-24 13:26:02.170095,(NULL),3
330,Italy 5GB,0,0,Europe,2,5,30,esimg_5GB_30D_IT_U,15,10,5.8,0,0,0,2023-06-24 13:26:02.228828,2023-06-24 13:26:02.228828,(NULL),3
319,Kosovo 5GB,0,0,Eastern Europe,2,5,30,kosnet-30days-5gb,24,22.5,24,1,0,0,2023-06-24 13:26:02.197287,2023-06-24 13:26:02.197287,(NULL),1
317,Latvia 5GB,0,0,Eastern Europe,2,5,30,esimg_5GB_30D_LV_U,15,10,5.8,0,0,0,2023-06-24 13:26:02.196390,2023-06-24 13:26:02.196390,(NULL),3
329,Liechtenstein 5GB,0,0,Europe,2,5,30,esimg_5GB_30D_LI_U,15,10,5.8,0,0,0,2023-06-24 13:26:02.226869,2023-06-24 13:26:02.226869,(NULL),3
322,Lithuania 5GB,0,0,Europe,2,5,30,esimg_5GB_30D_LT_U,15,10,5.8,0,0,0,2023-06-24 13:26:02.206200,2023-06-24 13:26:02.206200,(NULL),3
341,Luxembourg 5GB,0,0,Europe,2,5,30,esimg_5GB_30D_LU_U,15,10,5.8,0,0,0,2023-06-24 13:26:02.253570,2023-06-24 13:26:02.253570,(NULL),3
325,Macedonia 5GB,0,0,Eastern Europe,2,5,30,esimg_5GB_30D_MK_U,25,20,15,0,0,0,2023-06-24 13:26:02.213194,2023-06-24 13:26:02.213194,(NULL),3
338,Malta 5GB,0,0,Europe,2,5,30,esimg_5GB_30D_MT_U,15,10,5.8,0,0,0,2023-06-24 13:26:02.248868,2023-06-24 13:26:02.248868,(NULL),3
332,Moldova 5GB,0,0,Eastern Europe,2,5,30,soroca-mobile-30days-5gb,17,16,17,1,0,0,2023-06-24 13:26:02.230486,2023-06-24 13:26:02.230486,(NULL),1
344,Montenegro 5GB,0,0,Eastern Europe,2,5,30,jezero-30days-5gb,17.5,16,17.5,1,0,0,2023-06-24 13:26:02.255657,2023-06-24 13:26:02.255657,(NULL),1
343,Netherlands 5GB,0,0,Europe,2,5,30,esimg_5GB_30D_NL_U,15,10,5.8,0,0,0,2023-06-24 13:26:02.254640,2023-06-24 13:26:02.254640,(NULL),3
350,Norway 5GB,0,0,Europe,2,5,30,esimg_5GB_30D_NO_U,15,10,5.8,0,0,0,2023-06-24 13:26:02.272236,2023-06-24 13:26:02.272236,(NULL),3
345,Poland 5GB,0,0,Europe,2,5,30,esimg_5GB_30D_PL_U,15,10,5.8,0,0,0,2023-06-24 13:26:02.261406,2023-06-24 13:26:02.261406,(NULL),3
347,Portugal 5GB,0,0,Europe,2,5,30,esimg_5GB_30D_PT_U,15,10,5.8,0,0,0,2023-06-24 13:26:02.265108,2023-06-24 13:26:02.265108,(NULL),3
362,Romania 5GB,0,0,Eastern Europe,2,5,30,esimg_5GB_30D_RO_U,15,10,5.8,0,0,0,2023-06-24 13:26:02.307333,2023-06-24 13:26:02.307333,(NULL),3
361,Russia 5GB,0,0,Eastern Europe,2,5,30,esimg_5GB_30D_RU_U,15,12,8.6,0,0,0,2023-06-24 13:26:02.301234,2023-06-24 13:26:02.301234,(NULL),3
363,Serbia 5GB,0,0,Eastern Europe,2,5,30,esimg_5GB_30D_RS_U,25,20,15,0,0,0,2023-06-24 13:26:02.307193,2023-06-24 13:26:02.307193,(NULL),3
360,Slovakia 5GB,0,0,Eastern Europe,2,5,30,esimg_5GB_30D_SK_U,15,10,5.8,0,0,0,2023-06-24 13:26:02.298552,2023-06-24 13:26:02.298552,(NULL),3
364,Slovenia 5GB,0,0,Eastern Europe,2,5,30,esimg_5GB_30D_SI_U,15,10,5.8,0,0,0,2023-06-24 13:26:02.307965,2023-06-24 13:26:02.307965,(NULL),3
365,Spain 5GB,0,0,Europe,2,5,30,esimg_5GB_30D_ES_U,15,10,5.8,0,0,0,2023-06-24 13:26:02.309342,2023-06-24 13:26:02.309342,(NULL),3
374,Sweden 5GB,0,0,Europe,2,5,30,esimg_5GB_30D_SE_U,15,10,5.8,0,0,0,2023-06-24 13:26:02.330898,2023-06-24 13:26:02.330898,(NULL),3
367,Switzerland 5GB,0,0,Europe,2,5,30,esimg_5GB_30D_CH_U,15,10,5.8,0,0,0,2023-06-24 13:26:02.311955,2023-06-24 13:26:02.311955,(NULL),3
370,Turkey 5GB,0,0,Europe,2,5,30,esimg_5GB_30D_TR_U,15,10,5.8,0,0,0,2023-06-24 13:26:02.320986,2023-06-24 13:26:02.320986,(NULL),3
378,Ukraine 5GB,0,0,Europe,2,5,30,esimg_5GB_30D_UA_U,15,10,5.8,0,0,0,2023-06-24 13:26:02.337664,2023-06-24 13:26:02.337664,(NULL),3
386,United Kingdom 5GB,0,0,Europe,2,5,30,esimg_5GB_30D_GB_U,15,10,5.8,0,0,0,2023-06-24 13:26:02.354495,2023-06-24 13:26:02.354495,(NULL),3
390,Andorra 10GB,0,0,Europe,2,10,30,handi-30days-10gb,25,23.5,25,1,0,0,2023-06-24 13:26:02.362892,2023-06-24 13:26:02.362892,(NULL),1
394,Austria 10GB,0,0,Europe,2,10,30,esimg_10GB_30D_AT_U,25,15,9.8,0,0,0,2023-06-24 13:26:02.373471,2023-06-24 13:26:02.373471,(NULL),3
406,Belgium 10GB,0,0,Europe,2,10,30,esimg_10GB_30D_BE_U,25,15,9.8,0,0,0,2023-06-24 13:26:02.404485,2023-06-24 13:26:02.404485,(NULL),3
398,Bosnia and Herzegovina 10GB,0,0,Eastern Europe,2,10,30,bosher-30days-10gb,21,19.5,21,1,0,0,2023-06-24 13:26:02.388720,2023-06-24 13:26:02.388720,(NULL),1
401,Bulgaria 10GB,0,0,Europe,2,10,30,esimg_10GB_30D_BG_U,25,15,9.8,0,0,0,2023-06-24 13:26:02.396411,2023-06-24 13:26:02.396411,(NULL),3
402,Croatia 10GB,0,0,Eastern Europe,2,10,30,esimg_10GB_30D_HR_U,25,15,9.8,0,0,0,2023-06-24 13:26:02.398309,2023-06-24 13:26:02.398309,(NULL),3
403,Cyprus 10GB,0,0,Europe,2,10,30,esimg_10GB_30D_CY_U,25,15,9.8,0,0,0,2023-06-24 13:26:02.398767,2023-06-24 13:26:02.398767,(NULL),3
413,Czech Republic 10GB,0,0,Europe,2,10,30,esimg_10GB_30D_CZ_U,25,15,9.8,0,0,0,2023-06-24 13:26:02.418570,2023-06-24 13:26:02.418570,(NULL),3
423,Denmark 10GB,0,0,Europe,2,10,30,esimg_10GB_30D_DK_U,25,15,9.8,0,0,0,2023-06-24 13:26:02.437802,2023-06-24 13:26:02.437802,(NULL),3
408,Estonia 10GB,0,0,Europe,2,10,30,esimg_10GB_30D_EE_U,25,15,9.8,0,0,0,2023-06-24 13:26:02.407306,2023-06-24 13:26:02.407306,(NULL),3
416,Finland 10GB,0,0,Europe,2,10,30,esimg_10GB_30D_FI_U,25,15,9.8,0,0,0,2023-06-24 13:26:02.426676,2023-06-24 13:26:02.426676,(NULL),3
417,France 10GB,0,0,Europe,2,10,30,esimg_10GB_30D_FR_U,25,15,9.8,0,0,0,2023-06-24 13:26:02.429068,2023-06-24 13:26:02.429068,(NULL),3
411,Georgia 10GB,0,0,Eastern Europe,2,10,30,kargi-mobile-30days-10gb,35,32.5,35,1,0,0,2023-06-24 13:26:02.415997,2023-06-24 13:26:02.415997,(NULL),1
412,Germany 10GB,0,0,Europe,2,10,30,esimg_10GB_30D_DE_U,25,15,9.8,0,0,0,2023-06-24 13:26:02.416430,2023-06-24 13:26:02.416430,(NULL),3
419,Gibraltar (UK) 10GB,0,0,Europe,2,10,30,esimg_10GB_30D_GI_U,55,50,40.3,0,0,0,2023-06-24 13:26:02.429972,2023-06-24 13:26:02.429972,(NULL),3
436,Greece 10GB,0,0,Europe,2,10,30,esimg_10GB_30D_GR_U,25,15,9.8,0,0,0,2023-06-24 13:26:02.468023,2023-06-24 13:26:02.468023,(NULL),3
415,Hungary 10GB,0,0,Europe,2,10,30,esimg_10GB_30D_HU_U,25,15,9.8,0,0,0,2023-06-24 13:26:02.422662,2023-06-24 13:26:02.422662,(NULL),3
425,Iceland 10GB,0,0,Europe,2,10,30,esimg_10GB_30D_IS_U,25,15,9.8,0,0,0,2023-06-24 13:26:02.446471,2023-06-24 13:26:02.446471,(NULL),3
439,Ireland 10GB,0,0,Europe,2,10,30,esimg_10GB_30D_IE_U,25,15,9.8,0,0,0,2023-06-24 13:26:02.473255,2023-06-24 13:26:02.473255,(NULL),3
445,Italy 10GB,0,0,Europe,2,10,30,esimg_10GB_30D_IT_U,25,15,9.8,0,0,0,2023-06-24 13:26:02.488220,2023-06-24 13:26:02.488220,(NULL),3
427,Latvia 10GB,0,0,Eastern Europe,2,10,30,esimg_10GB_30D_LV_U,25,15,9.8,0,0,0,2023-06-24 13:26:02.450581,2023-06-24 13:26:02.450581,(NULL),3
435,Liechtenstein 10GB,0,0,Europe,2,10,30,esimg_10GB_30D_LI_U,25,15,9.8,0,0,0,2023-06-24 13:26:02.461593,2023-06-24 13:26:02.461593,(NULL),3
535,Lithuania 10GB,0,0,Europe,2,10,30,esimg_10GB_30D_LT_U,25,15,9.8,0,0,0,2023-06-24 13:26:02.691330,2023-06-24 13:26:02.691330,(NULL),3
522,Luxembourg 10GB,0,0,Europe,2,10,30,esimg_10GB_30D_LU_U,25,15,9.8,0,0,0,2023-06-24 13:26:02.659983,2023-06-24 13:26:02.659983,(NULL),3
430,Macedonia 10GB,0,0,Eastern Europe,2,10,30,esimg_10GB_30D_MK_U,40,35,26.5,0,0,0,2023-06-24 13:26:02.454739,2023-06-24 13:26:02.454739,(NULL),3
442,Malta 10GB,0,0,Europe,2,10,30,esimg_10GB_30D_MT_U,25,15,9.8,0,0,0,2023-06-24 13:26:02.478795,2023-06-24 13:26:02.478795,(NULL),3
446,Netherlands 10GB,0,0,Europe,2,10,30,esimg_10GB_30D_NL_U,25,15,9.8,0,0,0,2023-06-24 13:26:02.488583,2023-06-24 13:26:02.488583,(NULL),3
451,Norway 10GB,0,0,Europe,2,10,30,esimg_10GB_30D_NO_U,25,15,9.8,0,0,0,2023-06-24 13:26:02.501343,2023-06-24 13:26:02.501343,(NULL),3
470,Poland 10GB,0,0,Europe,2,10,30,esimg_10GB_30D_PL_U,25,15,9.8,0,0,0,2023-06-24 13:26:02.536259,2023-06-24 13:26:02.536259,(NULL),3
453,Portugal 10GB,0,0,Europe,2,10,30,esimg_10GB_30D_PT_U,25,15,9.8,0,0,0,2023-06-24 13:26:02.502284,2023-06-24 13:26:02.502284,(NULL),3
448,Romania 10GB,0,0,Eastern Europe,2,10,30,esimg_10GB_30D_RO_U,25,15,9.8,0,0,0,2023-06-24 13:26:02.494062,2023-06-24 13:26:02.494062,(NULL),3
460,Russia 10GB,0,0,Eastern Europe,2,10,30,esimg_10GB_30D_RU_U,25,20,15,0,0,0,2023-06-24 13:26:02.513128,2023-06-24 13:26:02.513128,(NULL),3
476,Serbia 10GB,0,0,Eastern Europe,2,10,30,esimg_10GB_30D_RS_U,40,35,26.5,0,0,0,2023-06-24 13:26:02.549686,2023-06-24 13:26:02.549686,(NULL),3
457,Slovakia 10GB,0,0,Eastern Europe,2,10,30,esimg_10GB_30D_SK_U,25,15,9.8,0,0,0,2023-06-24 13:26:02.510678,2023-06-24 13:26:02.510678,(NULL),3
458,Slovenia 10GB,0,0,Eastern Europe,2,10,30,esimg_10GB_30D_SI_U,25,15,9.8,0,0,0,2023-06-24 13:26:02.511098,2023-06-24 13:26:02.511098,(NULL),3
469,Spain 10GB,0,0,Europe,2,10,30,esimg_10GB_30D_ES_U,25,15,9.8,0,0,0,2023-06-24 13:26:02.534391,2023-06-24 13:26:02.534391,(NULL),3
484,Sweden 10GB,0,0,Europe,2,10,30,esimg_10GB_30D_SE_U,25,15,9.8,0,0,0,2023-06-24 13:26:02.572277,2023-06-24 13:26:02.572277,(NULL),3
463,Switzerland 10GB,0,0,Europe,2,10,30,esimg_10GB_30D_CH_U,25,15,9.8,0,0,0,2023-06-24 13:26:02.524695,2023-06-24 13:26:02.524695,(NULL),3
465,Turkey 10GB,0,0,Europe,2,10,30,esimg_10GB_30D_TR_U,25,15,9.8,0,0,0,2023-06-24 13:26:02.526877,2023-06-24 13:26:02.526877,(NULL),3
466,Ukraine 10GB,0,0,Europe,2,10,30,esimg_10GB_30D_UA_U,25,15,9.8,0,0,0,2023-06-24 13:26:02.527389,2023-06-24 13:26:02.527389,(NULL),3
494,United Kingdom 10GB,0,0,Europe,2,10,30,esimg_10GB_30D_GB_U,25,15,9.8,0,0,0,2023-06-24 13:26:02.592353,2023-06-24 13:26:02.592353,(NULL),3
487,Austria 20GB,0,0,Europe,2,20,30,esimg_20GB_30D_AT_U,35,25,17.3,0,0,0,2023-06-24 13:26:02.573386,2023-06-24 13:26:02.573386,(NULL),3
479,Belgium 20GB,0,0,Europe,2,20,30,esimg_20GB_30D_BE_U,35,25,17.3,0,0,0,2023-06-24 13:26:02.561924,2023-06-24 13:26:02.561924,(NULL),3
480,Bulgaria 20GB,0,0,Europe,2,20,30,esimg_20GB_30D_BG_U,35,25,17.3,0,0,0,2023-06-24 13:26:02.562175,2023-06-24 13:26:02.562175,(NULL),3
482,Cyprus 20GB,0,0,Europe,2,20,30,esimg_20GB_30D_CY_U,35,25,17.3,0,0,0,2023-06-24 13:26:02.565015,2023-06-24 13:26:02.565015,(NULL),3
503,Czech Republic 20GB,0,0,Europe,2,20,30,esimg_20GB_30D_CZ_U,35,25,17.3,0,0,0,2023-06-24 13:26:02.612697,2023-06-24 13:26:02.612697,(NULL),3
517,Denmark 20GB,0,0,Europe,2,20,30,esimg_20GB_30D_DK_U,35,25,17.3,0,0,0,2023-06-24 13:26:02.649063,2023-06-24 13:26:02.649063,(NULL),3
485,Estonia 20GB,0,0,Europe,2,20,30,esimg_20GB_30D_EE_U,35,25,17.3,0,0,0,2023-06-24 13:26:02.572635,2023-06-24 13:26:02.572635,(NULL),3
488,Finland 20GB,0,0,Europe,2,20,30,esimg_20GB_30D_FI_U,35,25,17.3,0,0,0,2023-06-24 13:26:02.579088,2023-06-24 13:26:02.579088,(NULL),3
489,France 20GB,0,0,Europe,2,20,30,esimg_20GB_30D_FR_U,35,25,17.3,0,0,0,2023-06-24 13:26:02.579432,2023-06-24 13:26:02.579432,(NULL),3
490,Germany 20GB,0,0,Europe,2,20,30,esimg_20GB_30D_DE_U,35,25,17.3,0,0,0,2023-06-24 13:26:02.582971,2023-06-24 13:26:02.582971,(NULL),3
491,Greece 20GB,0,0,Europe,2,20,30,esimg_20GB_30D_GR_U,35,25,17.3,0,0,0,2023-06-24 13:26:02.588036,2023-06-24 13:26:02.588036,(NULL),3
502,Hungary 20GB,0,0,Europe,2,20,30,esimg_20GB_30D_HU_U,35,25,17.3,0,0,0,2023-06-24 13:26:02.611904,2023-06-24 13:26:02.611904,(NULL),3
513,Iceland 20GB,0,0,Europe,2,20,30,esimg_20GB_30D_IS_U,35,25,17.3,0,0,0,2023-06-24 13:26:02.638483,2023-06-24 13:26:02.638483,(NULL),3
509,Ireland 20GB,0,0,Europe,2,20,30,esimg_20GB_30D_IE_U,35,25,17.3,0,0,0,2023-06-24 13:26:02.631194,2023-06-24 13:26:02.631194,(NULL),3
497,Italy 20GB,0,0,Europe,2,20,30,esimg_20GB_30D_IT_U,35,25,17.3,0,0,0,2023-06-24 13:26:02.594492,2023-06-24 13:26:02.594492,(NULL),3
500,Lithuania 20GB,0,0,Europe,2,20,30,esimg_20GB_30D_LT_U,35,25,17.3,0,0,0,2023-06-24 13:26:02.609982,2023-06-24 13:26:02.609982,(NULL),3
501,Luxembourg 20GB,0,0,Europe,2,20,30,esimg_20GB_30D_LU_U,35,25,17.3,0,0,0,2023-06-24 13:26:02.610879,2023-06-24 13:26:02.610879,(NULL),3
516,Malta 20GB,0,0,Europe,2,20,30,esimg_20GB_30D_MT_U,35,25,17.3,0,0,0,2023-06-24 13:26:02.648492,2023-06-24 13:26:02.648492,(NULL),3
515,Netherlands 20GB,0,0,Europe,2,20,30,esimg_20GB_30D_NL_U,35,25,17.3,0,0,0,2023-06-24 13:26:02.647824,2023-06-24 13:26:02.647824,(NULL),3
504,Poland 20GB,0,0,Europe,2,20,30,esimg_20GB_30D_PL_U,35,25,17.3,0,0,0,2023-06-24 13:26:02.621867,2023-06-24 13:26:02.621867,(NULL),3
506,Portugal 20GB,0,0,Europe,2,20,30,esimg_20GB_30D_PT_U,35,25,17.3,0,0,0,2023-06-24 13:26:02.624278,2023-06-24 13:26:02.624278,(NULL),3
528,Spain 20GB,0,0,Europe,2,20,30,esimg_20GB_30D_ES_U,35,25,17.3,0,0,0,2023-06-24 13:26:02.672830,2023-06-24 13:26:02.672830,(NULL),3
534,Sweden 20GB,0,0,Europe,2,20,30,esimg_20GB_30D_SE_U,35,25,17.3,0,0,0,2023-06-24 13:26:02.689004,2023-06-24 13:26:02.689004,(NULL),3
514,Switzerland 20GB,0,0,Europe,2,20,30,esimg_20GB_30D_CH_U,35,25,17.3,0,0,0,2023-06-24 13:26:02.641313,2023-06-24 13:26:02.641313,(NULL),3
511,Turkey 20GB,0,0,Europe,2,20,30,esimg_20GB_30D_TR_U,35,25,17.3,0,0,0,2023-06-24 13:26:02.637122,2023-06-24 13:26:02.637122,(NULL),3
512,Ukraine 20GB,0,0,Europe,2,20,30,esimg_20GB_30D_UA_U,35,25,17.3,0,0,0,2023-06-24 13:26:02.637390,2023-06-24 13:26:02.637390,(NULL),3
521,United Kingdom 20GB,0,0,Europe,2,20,30,esimg_20GB_30D_GB_U,35,25,17.3,0,0,0,2023-06-24 13:26:02.659562,2023-06-24 13:26:02.659562,(NULL),3
113,Argentina,0,0,LATAM,2,1,7,esimg_1GB_7D_AR_U,9.5,7.2,5.8,0,0,0,2023-06-24 13:26:01.628335,2023-06-24 13:26:01.628335,(NULL),3
126,Bolivia,0,0,LATAM,2,1,7,esimg_1GB_7D_BO_U,12,9,7.5,0,0,0,2023-06-24 13:26:01.664091,2023-06-24 13:26:01.664091,(NULL),3
117,Brazil,0,0,LATAM,2,1,7,esimg_1GB_7D_BR_U,7,4.25,3.5,0,0,0,2023-06-24 13:26:01.637575,2023-06-24 13:26:01.637575,(NULL),3
116,Chile,0,0,LATAM,2,1,7,esimg_1GB_7D_CL_U,7,4.25,3.5,0,0,0,2023-06-24 13:26:01.636002,2023-06-24 13:26:01.636002,(NULL),3
138,Colombia,0,0,LATAM,2,1,7,esimg_1GB_7D_CO_U,12,9,7.5,0,0,0,2023-06-24 13:26:01.720838,2023-06-24 13:26:01.720838,(NULL),3
128,Costa Rica,0,0,LATAM,2,1,7,esimg_1GB_7D_CR_U,9.5,7.2,5.8,0,0,0,2023-06-24 13:26:01.680809,2023-06-24 13:26:01.680809,(NULL),3
125,Ecuador,0,0,LATAM,2,1,7,esimg_1GB_7D_EC_U,9.5,7.2,5.8,0,0,0,2023-06-24 13:26:01.661368,2023-06-24 13:26:01.661368,(NULL),3
82,El Salvador,0,0,LATAM,2,1,7,esimg_1GB_7D_SV_U,9.5,7.2,5.8,0,0,0,2023-06-24 13:26:01.535669,2023-06-24 13:26:01.535669,(NULL),3
124,Guatemala,0,0,LATAM,2,1,7,esimg_1GB_7D_GT_U,12,9,7.5,0,0,0,2023-06-24 13:26:01.660100,2023-06-24 13:26:01.660100,(NULL),3
133,Honduras,0,0,LATAM,2,1,7,honnet-7days-1gb,9,8.5,9,1,0,0,2023-06-24 13:26:01.701154,2023-06-24 13:26:01.701154,(NULL),1
8,Mexico,0,0,LATAM,2,1,7,esimg_1GB_7D_MX_U,5,3,3.5,0,0,0,2023-06-24 13:26:01.242900,2023-06-24 13:26:01.242900,(NULL),3
89,Nicaragua,0,0,LATAM,2,1,7,esimg_1GB_7D_NI_U,9.5,7.2,5.8,0,0,0,2023-06-24 13:26:01.559403,2023-06-24 13:26:01.559403,(NULL),3
81,Panama,0,0,LATAM,2,1,7,esimg_1GB_7D_PA_U,9.5,7.2,5.8,0,0,0,2023-06-24 13:26:01.535358,2023-06-24 13:26:01.535358,(NULL),3
83,Paraguay,0,0,LATAM,2,1,7,esimg_1GB_7D_PY_U,12,9,7.5,0,0,0,2023-06-24 13:26:01.539887,2023-06-24 13:26:01.539887,(NULL),3
84,Peru,0,0,LATAM,2,1,7,esimg_1GB_7D_PE_U,9.5,7.2,5.8,0,0,0,2023-06-24 13:26:01.548801,2023-06-24 13:26:01.548801,(NULL),3
85,Puerto Rico,0,0,LATAM,2,1,7,boricua-mobile-7days-1gb,4.5,4.3,4.5,1,0,0,2023-06-24 13:26:01.548734,2023-06-24 13:26:01.548734,(NULL),1
105,Uruguay,0,0,LATAM,2,1,7,esimg_1GB_7D_UY_U,9.5,7.2,5.8,0,0,0,2023-06-24 13:26:01.606646,2023-06-24 13:26:01.606646,(NULL),3
106,Venezuela,0,0,LATAM,2,1,7,aragua-mobile-7days-1gb,9.5,9,9.5,1,0,0,2023-06-24 13:26:01.607257,2023-06-24 13:26:01.607257,(NULL),1
147,Argentina 3GB,0,0,LATM,2,3,30,esimg_3GB_30D_AR_U,21.5,18,15,0,0,0,2023-06-24 13:26:01.750538,2023-06-24 13:26:01.750538,(NULL),3
166,Bolivia 3GB,0,0,LATM,2,3,30,esimg_3GB_30D_BO_U,27,23.5,19.6,0,0,0,2023-06-24 13:26:01.802130,2023-06-24 13:26:01.802130,(NULL),3
163,Brazil 3GB,0,0,LATM,2,3,30,esimg_3GB_30D_BR_U,15,12,9.4,0,0,0,2023-06-24 13:26:01.786184,2023-06-24 13:26:01.786184,(NULL),3
169,Chile 3GB,0,0,LATM,2,3,30,esimg_3GB_30D_CL_U,15,12,9.4,0,0,0,2023-06-24 13:26:01.811760,2023-06-24 13:26:01.811760,(NULL),3
167,Colombia 3GB,0,0,LATM,2,3,30,esimg_3GB_30D_CO_U,27,23.5,19.6,0,0,0,2023-06-24 13:26:01.807782,2023-06-24 13:26:01.807782,(NULL),3
178,Costa Rica 3GB,0,0,LATM,2,3,30,esimg_3GB_30D_CR_U,21.5,18,15,0,0,0,2023-06-24 13:26:01.837017,2023-06-24 13:26:01.837017,(NULL),3
182,Ecuador 3GB,0,0,LATM,2,3,30,esimg_3GB_30D_EC_U,21.5,18,15,0,0,0,2023-06-24 13:26:01.843628,2023-06-24 13:26:01.843628,(NULL),3
186,El Salvador 3GB,0,0,LATM,2,3,30,esimg_3GB_30D_SV_U,21.5,18,15,0,0,0,2023-06-24 13:26:01.856319,2023-06-24 13:26:01.856319,(NULL),3
203,Guatemala 3GB,0,0,LATM,2,3,30,esimg_3GB_30D_GT_U,27,23.5,19.6,0,0,0,2023-06-24 13:26:01.902088,2023-06-24 13:26:01.902088,(NULL),3
188,Honduras 3GB,0,0,LATM,2,3,30,honnet-30days-3gb,24,22,24,1,0,0,2023-06-24 13:26:01.861090,2023-06-24 13:26:01.861090,(NULL),1
220,Mexico 3GB,0,0,LATM,2,3,30,esimg_3GB_30D_MX_U,10,7,9.4,0,0,0,2023-06-24 13:26:01.948584,2023-06-24 13:26:01.948584,(NULL),3
234,Nicaragua 3GB,0,0,LATM,2,3,30,esimg_3GB_30D_NI_U,21.5,18,15,0,0,0,2023-06-24 13:26:01.982190,2023-06-24 13:26:01.982190,(NULL),3
242,Panama 3GB,0,0,LATM,2,3,30,esimg_3GB_30D_PA_U,21.5,18,15,0,0,0,2023-06-24 13:26:02.006994,2023-06-24 13:26:02.006994,(NULL),3
235,Paraguay 3GB,0,0,LATM,2,3,30,esimg_3GB_30D_PY_U,27,23.5,19.6,0,0,0,2023-06-24 13:26:01.985756,2023-06-24 13:26:01.985756,(NULL),3
236,Peru 3GB,0,0,LATM,2,3,30,esimg_3GB_30D_PE_U,21.5,18,15,0,0,0,2023-06-24 13:26:01.989088,2023-06-24 13:26:01.989088,(NULL),3
240,Puerto Rico 3GB,0,0,LATM,2,3,30,boricua-mobile-30days-3gb,11,10.3,11,1,0,0,2023-06-24 13:26:01.999247,2023-06-24 13:26:01.999247,(NULL),1
274,Uruguay 3GB,0,0,LATM,2,3,30,esimg_3GB_30D_UY_U,21.5,18,15,0,0,0,2023-06-24 13:26:02.078155,2023-06-24 13:26:02.078155,(NULL),3
261,Venezuela 3GB,0,0,LATM,2,3,30,aragua-mobile-30days-3gb,25.5,23,25.5,1,0,0,2023-06-24 13:26:02.047729,2023-06-24 13:26:02.047729,(NULL),1
283,Argentina 5GB,0,0,LATM,2,5,30,esimg_5GB_30D_AR_U,35,30,23,0,0,0,2023-06-24 13:26:02.098473,2023-06-24 13:26:02.098473,(NULL),3
281,Bolivia 5GB,0,0,LATM,2,5,30,esimg_5GB_30D_BO_U,40,36,28.8,0,0,0,2023-06-24 13:26:02.090932,2023-06-24 13:26:02.090932,(NULL),3
284,Brazil 5GB,0,0,LATM,2,5,30,esimg_5GB_30D_BR_U,25,20,15,0,0,0,2023-06-24 13:26:02.110431,2023-06-24 13:26:02.110431,(NULL),3
289,Chile 5GB,0,0,LATM,2,5,30,esimg_5GB_30D_CL_U,25,20,15,0,0,0,2023-06-24 13:26:02.123397,2023-06-24 13:26:02.123397,(NULL),3
288,Colombia 5GB,0,0,LATM,2,5,30,esimg_5GB_30D_CO_U,40,36,28.8,0,0,0,2023-06-24 13:26:02.115113,2023-06-24 13:26:02.115113,(NULL),3
298,Costa Rica 5GB,0,0,LATM,2,5,30,esimg_5GB_30D_CR_U,35,30,23,0,0,0,2023-06-24 13:26:02.145351,2023-06-24 13:26:02.145351,(NULL),3
306,Ecuador 5GB,0,0,LATM,2,5,30,esimg_5GB_30D_EC_U,35,30,23,0,0,0,2023-06-24 13:26:02.165690,2023-06-24 13:26:02.165690,(NULL),3
294,El Salvador 5GB,0,0,LATM,2,5,30,esimg_5GB_30D_SV_U,35,30,23,0,0,0,2023-06-24 13:26:02.134125,2023-06-24 13:26:02.134125,(NULL),3
323,Guatemala 5GB,0,0,LATM,2,5,30,esimg_5GB_30D_GT_U,40,36,28.8,0,0,0,2023-06-24 13:26:02.207228,2023-06-24 13:26:02.207228,(NULL),3
326,Honduras 5GB,0,0,LATM,2,5,30,honnet-30days-5gb,37.5,34.5,37.5,1,0,0,2023-06-24 13:26:02.215979,2023-06-24 13:26:02.215979,(NULL),1
334,Mexico 5GB,0,0,LATM,2,5,30,esimg_5GB_30D_MX_U,15,12,15,0,0,0,2023-06-24 13:26:02.234727,2023-06-24 13:26:02.234727,(NULL),3
342,Nicaragua 5GB,0,0,LATM,2,5,30,esimg_5GB_30D_NI_U,35,30,23,0,0,0,2023-06-24 13:26:02.254395,2023-06-24 13:26:02.254395,(NULL),3
356,Panama 5GB,0,0,LATM,2,5,30,esimg_5GB_30D_PA_U,35,30,23,0,0,0,2023-06-24 13:26:02.286165,2023-06-24 13:26:02.286165,(NULL),3
346,Paraguay 5GB,0,0,LATM,2,5,30,esimg_5GB_30D_PY_U,40,36,28.8,0,0,0,2023-06-24 13:26:02.261853,2023-06-24 13:26:02.261853,(NULL),3
366,Peru 5GB,0,0,LATM,2,5,30,esimg_5GB_30D_PE_U,35,30,23,0,0,0,2023-06-24 13:26:02.310913,2023-06-24 13:26:02.310913,(NULL),3
354,Puerto Rico 5GB,0,0,LATM,2,5,30,boricua-mobile-30days-5gb,16,14.8,16,1,0,0,2023-06-24 13:26:02.284425,2023-06-24 13:26:02.284425,(NULL),1
387,Uruguay 5GB,0,0,LATM,2,5,30,esimg_5GB_30D_UY_U,35,30,23,0,0,0,2023-06-24 13:26:02.356828,2023-06-24 13:26:02.356828,(NULL),3
383,Venezuela 5GB,0,0,LATM,2,5,30,aragua-mobile-30days-5gb,40,36,40,1,0,0,2023-06-24 13:26:02.350821,2023-06-24 13:26:02.350821,(NULL),1
389,Argentina 10GB,0,0,LATM,2,10,30,esimg_10GB_30D_AR_U,55,50,40.3,0,0,0,2023-06-24 13:26:02.362101,2023-06-24 13:26:02.362101,(NULL),3
407,Bolivia 10GB,0,0,LATM,2,10,30,esimg_10GB_30D_BO_U,75,65,51.8,0,0,0,2023-06-24 13:26:02.405265,2023-06-24 13:26:02.405265,(NULL),3
399,Brazil 10GB,0,0,LATM,2,10,30,esimg_10GB_30D_BR_U,40,35,26.5,0,0,0,2023-06-24 13:26:02.391103,2023-06-24 13:26:02.391103,(NULL),3
397,Chile 10GB,0,0,LATM,2,10,30,esimg_10GB_30D_CL_U,40,35,26.5,0,0,0,2023-06-24 13:26:02.386249,2023-06-24 13:26:02.386249,(NULL),3
400,Colombia 10GB,0,0,LATM,2,10,30,esimg_10GB_30D_CO_U,75,65,51.8,0,0,0,2023-06-24 13:26:02.392611,2023-06-24 13:26:02.392611,(NULL),3
410,Costa Rica 10GB,0,0,LATM,2,10,30,esimg_10GB_30D_CR_U,55,50,40.3,0,0,0,2023-06-24 13:26:02.412390,2023-06-24 13:26:02.412390,(NULL),3
420,Ecuador 10GB,0,0,LATM,2,10,30,esimg_10GB_30D_EC_U,55,50,40.3,0,0,0,2023-06-24 13:26:02.434686,2023-06-24 13:26:02.434686,(NULL),3
428,El Salvador 10GB,0,0,LATM,2,10,30,esimg_10GB_30D_SV_U,55,50,40.3,0,0,0,2023-06-24 13:26:02.450905,2023-06-24 13:26:02.450905,(NULL),3
421,Guatemala 10GB,0,0,LATM,2,10,30,esimg_10GB_30D_GT_U,61,60.9,51.8,0,0,0,2023-06-24 13:26:02.437015,2023-06-24 13:26:02.437015,(NULL),3
432,Mexico 10GB,0,0,LATM,2,10,30,esimg_10GB_30D_MX_U,25,20,26.5,0,0,0,2023-06-24 13:26:02.458933,2023-06-24 13:26:02.458933,(NULL),3
452,Nicaragua 10GB,0,0,LATM,2,10,30,esimg_10GB_30D_NI_U,55,50,40.3,0,0,0,2023-06-24 13:26:02.501780,2023-06-24 13:26:02.501780,(NULL),3
444,Panama 10GB,0,0,LATM,2,10,30,esimg_10GB_30D_PA_U,55,50,40.3,0,0,0,2023-06-24 13:26:02.484212,2023-06-24 13:26:02.484212,(NULL),3
449,Paraguay 10GB,0,0,LATM,2,10,30,esimg_10GB_30D_PY_U,75,65,51.8,0,0,0,2023-06-24 13:26:02.497044,2023-06-24 13:26:02.497044,(NULL),3
467,Peru 10GB,0,0,LATM,2,10,30,esimg_10GB_30D_PE_U,55,50,40.3,0,0,0,2023-06-24 13:26:02.533928,2023-06-24 13:26:02.533928,(NULL),3
461,Puerto Rico 10GB,0,0,LATM,2,10,30,boricua-mobile-30days-10gb,25,23,25,1,0,0,2023-06-24 13:26:02.519244,2023-06-24 13:26:02.519244,(NULL),1
486,Uruguay 10GB,0,0,LATM,2,10,30,esimg_10GB_30D_UY_U,55,50,40.3,0,0,0,2023-06-24 13:26:02.572978,2023-06-24 13:26:02.572978,(NULL),3
96,Afghanistan,0,0,Middle East,2,1,7,sohbat-mobile-7days-1gb,8,7.5,6.8,1,0,0,2023-06-24 13:26:01.581074,2023-06-24 13:26:01.581074,(NULL),1
98,Armenia,0,0,Middle East,2,1,7,arpi-telecom-7-days-1gb,9.5,7.2,6.5,1,0,0,2023-06-24 13:26:01.587370,2023-06-24 13:26:01.587370,(NULL),1
90,Azerbaijan,0,0,Middle East,2,1,7,esimg_1GB_7D_AZ_U,9.5,7.2,5.8,0,0,0,2023-06-24 13:26:01.559959,2023-06-24 13:26:01.559959,(NULL),3
91,Bahrain,0,0,Middle East,2,1,7,saar-mobile-7days-1gb,6,5.5,6,1,0,0,2023-06-24 13:26:01.561192,2023-06-24 13:26:01.561192,(NULL),1
93,Brunei Darussalam,0,0,Middle East,2,1,7,esimg_1GB_7D_BN_U,12,9,7.5,0,0,0,2023-06-24 13:26:01.567238,2023-06-24 13:26:01.567238,(NULL),3
564,Iran,0,0,Middle East,2,1,7,babel-mobile-7days-1gb,9.5,9,9.5,1,0,0,2023-06-24 13:26:02.762987,2023-06-24 13:26:02.762987,(NULL),1
557,Iraq,0,0,Middle East,2,1,7,mehr-mobile-7days-1gb,9.5,9,9.5,1,0,0,2023-06-24 13:26:02.747823,2023-06-24 13:26:02.747823,(NULL),1
94,Israel,0,0,Middle East,2,1,7,esimg_1GB_7D_IL_U,5,3.5,2.5,0,0,0,2023-06-24 13:26:01.568230,2023-06-24 13:26:01.568230,(NULL),3
103,Jordan,0,0,Middle East,2,1,7,esimg_1GB_7D_JO_U,7,4.25,3.5,0,0,0,2023-06-24 13:26:01.601539,2023-06-24 13:26:01.601539,(NULL),3
112,Kuwait,0,0,Middle East,2,1,7,esimg_1GB_7D_KW_U,7,4.25,3.5,0,0,0,2023-06-24 13:26:01.624066,2023-06-24 13:26:01.624066,(NULL),3
123,Oman,0,0,Middle East,2,1,7,esimg_1GB_7D_OM_U,7,4.25,3.5,0,0,0,2023-06-24 13:26:01.656688,2023-06-24 13:26:01.656688,(NULL),3
562,Palestine,0,0,Middle East,2,1,7,tine-mobile-7days-1gb,6.5,6,6.5,1,0,0,2023-06-24 13:26:02.761231,2023-06-24 13:26:02.761231,(NULL),1
97,Qatar,0,0,Middle East,2,1,7,pearl-mobile-7days-1gb,5,4.5,5,1,0,0,2023-06-24 13:26:01.584193,2023-06-24 13:26:01.584193,(NULL),1
108,Saudi Arabia,0,0,Middle East,2,1,7,esimg_1GB_7D_SA_U,7,4.25,3.5,0,0,0,2023-06-24 13:26:01.613711,2023-06-24 13:26:01.613711,(NULL),3
99,United Arab Emirates (UAE),0,0,Middle East,2,1,7,esimg_1GB_7D_AE_U,7.5,4,2.5,0,0,0,2023-06-24 13:26:01.587941,2023-06-24 13:26:01.587941,(NULL),3
100,Yemen,0,0,Middle East,2,1,7,esimg_1GB_7D_YE_U,9.5,7.2,5.8,0,0,0,2023-06-24 13:26:01.588301,2023-06-24 13:26:01.588301,(NULL),3
579,Afghanistan 3GB,0,0,Middle East,2,3,30,30,16,14.6,21.54,1,0,0,2023-06-24 13:26:02.809905,2023-06-24 13:26:02.809905,(NULL),2
148,Armenia 3GB,0,0,Middle East,2,3,30,arpi-telecom-30days-3gb,21.5,18,17,1,0,0,2023-06-24 13:26:01.751167,2023-06-24 13:26:01.751167,(NULL),1
152,Azerbaijan 3GB,0,0,Middle East,2,3,30,esimg_3GB_30D_AZ_U,21.5,18,15,0,0,0,2023-06-24 13:26:01.762642,2023-06-24 13:26:01.762642,(NULL),3
172,Bahrain 3GB,0,0,Middle East,2,3,30,saar-mobile-30days-3gb,12,11.3,12,1,0,0,2023-06-24 13:26:01.817059,2023-06-24 13:26:01.817059,(NULL),1
158,Brunei Darussalam 3GB,0,0,Middle East,2,3,30,muara-mobile-30days-3gb,27,23.5,18,1,0,0,2023-06-24 13:26:01.777885,2023-06-24 13:26:01.777885,(NULL),1
210,Israel 3GB,0,0,Middle East,2,3,30,esimg_3GB_30D_IL_U,12.5,8.5,6.3,0,0,0,2023-06-24 13:26:01.919261,2023-06-24 13:26:01.919261,(NULL),3
198,Jordan 3GB,0,0,Middle East,2,3,30,esimg_3GB_30D_JO_U,15,12,9.4,0,0,0,2023-06-24 13:26:01.888580,2023-06-24 13:26:01.888580,(NULL),3
215,Kuwait 3GB,0,0,Middle East,2,3,30,esimg_3GB_30D_KW_U,15,12,9.4,0,0,0,2023-06-24 13:26:01.938297,2023-06-24 13:26:01.938297,(NULL),3
223,Oman 3GB,0,0,Middle East,2,3,30,esimg_3GB_30D_RO_U,15,12,4,0,0,0,2023-06-24 13:26:01.955399,2023-06-24 13:26:01.955399,(NULL),3
247,Qatar 3GB,0,0,Middle East,2,3,30,pearl-mobile-30days-3gb,12,11,12,1,0,0,2023-06-24 13:26:02.017184,2023-06-24 13:26:02.017184,(NULL),1
252,Saudi Arabia 3GB,0,0,Middle East,2,3,30,esimg_3GB_30D_SA_U,15,12,9.4,0,0,0,2023-06-24 13:26:02.026899,2023-06-24 13:26:02.026899,(NULL),3
248,United Arab Emirates 3GB,0,0,Middle East,2,3,30,esimg_3GB_30D_AE_U,12.5,8.5,6.3,0,0,0,2023-06-24 13:26:02.020986,2023-06-24 13:26:02.020986,(NULL),3
265,Uzbekistan 3GB,0,0,Middle East,2,3,30,esimg_3GB_30D_UZ_U,10,7.5,6.3,0,0,0,2023-06-24 13:26:02.055784,2023-06-24 13:26:02.055784,(NULL),3
268,Yemen 3GB,0,0,Middle East,2,3,30,esimg_3GB_30D_YE_U,21.5,18,15,0,0,0,2023-06-24 13:26:02.063474,2023-06-24 13:26:02.063474,(NULL),3
577,Afghanistan 5GB,0,0,Middle East,2,5,30,30,55,49.3,45.21,1,0,0,2023-06-24 13:26:02.800716,2023-06-24 13:26:02.800716,(NULL),2
267,Armenia 5GB,0,0,Middle East,2,5,30,arpi-telecom-30days-5gb,35,30,26,1,0,0,2023-06-24 13:26:02.061358,2023-06-24 13:26:02.061358,(NULL),1
279,Azerbaijan 5GB,0,0,Middle East,2,5,30,esimg_5GB_30D_AZ_U,35,30,23,0,0,0,2023-06-24 13:26:02.088898,2023-06-24 13:26:02.088898,(NULL),3
270,Bahrain 5GB,0,0,Middle East,2,5,30,saar-mobile-30days-5gb,18,16.5,18,1,0,0,2023-06-24 13:26:02.070705,2023-06-24 13:26:02.070705,(NULL),1
280,Brunei Darussalam 5GB,0,0,Middle East,2,5,7,muara-mobile-30days-5gb,40,36,27,1,0,0,2023-06-24 13:26:02.089391,2023-06-24 13:26:02.089391,(NULL),1
310,Israel 5GB,0,0,Middle East,2,5,30,esimg_5GB_30D_IL_U,20,15,9.8,0,0,0,2023-06-24 13:26:02.179448,2023-06-24 13:26:02.179448,(NULL),3
321,Jordan 5GB,0,0,Middle East,2,5,30,esimg_5GB_30D_JO_U,25,20,15,0,0,0,2023-06-24 13:26:02.206015,2023-06-24 13:26:02.206015,(NULL),3
316,Kuwait 5GB,0,0,Middle East,2,5,30,esimg_5GB_30D_KW_U,25,20,15,0,0,0,2023-06-24 13:26:02.195483,2023-06-24 13:26:02.195483,(NULL),3
359,Oman 5GB,0,0,Middle East,2,5,30,esimg_5GB_30D_OM_U,25,20,15,0,0,0,2023-06-24 13:26:02.296604,2023-06-24 13:26:02.296604,(NULL),3
369,Qatar 5GB,0,0,Middle East,2,5,30,pearl-mobile-30days-5gb,17.5,16,17.5,1,0,0,2023-06-24 13:26:02.319021,2023-06-24 13:26:02.319021,(NULL),1
353,Saudi Arabia 5GB,0,0,Middle East,2,5,30,esimg_5GB_30D_SA_U,25,20,15,0,0,0,2023-06-24 13:26:02.283077,2023-06-24 13:26:02.283077,(NULL),3
377,United Arab Emirates 5GB,0,0,Middle East,2,5,30,esimg_5GB_30D_AE_U,20,15,9.8,0,0,0,2023-06-24 13:26:02.336514,2023-06-24 13:26:02.336514,(NULL),3
388,Uzbekistan 5GB,0,0,Middle East,2,5,30,esimg_5GB_30D_UZ_U,15,11.6,9.8,0,0,0,2023-06-24 13:26:02.359047,2023-06-24 13:26:02.359047,(NULL),3
382,Yemen 5GB,0,0,Middle East,2,5,30,esimg_5GB_30D_YE_U,35,30,23,0,0,0,2023-06-24 13:26:02.346411,2023-06-24 13:26:02.346411,(NULL),3
590,Afghanistan 10GB,0,0,Middle East,2,10,30,30,88,86,79.11,1,0,0,2023-06-24 13:26:02.831123,2023-06-24 13:26:02.831123,(NULL),2
393,Armenia 10GB,0,0,Middle East,2,10,30,esimg_10GB_30D_AM_U,55,50,40.3,0,0,0,2023-06-24 13:26:02.371847,2023-06-24 13:26:02.371847,(NULL),3
381,Azerbaijan 10GB,0,0,Middle East,2,10,30,esimg_10GB_30D_AZ_U,55,50,40.3,0,0,0,2023-06-24 13:26:02.344743,2023-06-24 13:26:02.344743,(NULL),3
391,Brunei Darussalam 10GB,0,0,Middle East,2,10,7,esimg_10GB_30D_BN_U,75,65,51.8,0,0,0,2023-06-24 13:26:02.371567,2023-06-24 13:26:02.371567,(NULL),3
424,Jordan 10GB,0,0,Middle East,2,10,30,esimg_10GB_30D_JO_U,30,22.5,26.5,0,0,0,2023-06-24 13:26:02.441863,2023-06-24 13:26:02.441863,(NULL),3
429,Kuwait 10GB,0,0,Middle East,2,10,30,esimg_10GB_30D_KW_U,40,35,26.5,0,0,0,2023-06-24 13:26:02.451328,2023-06-24 13:26:02.451328,(NULL),3
443,Oman 10GB,0,0,Middle East,2,10,30,esimg_10GB_30D_OM_U,40,35,26.5,0,0,0,2023-06-24 13:26:02.479188,2023-06-24 13:26:02.479188,(NULL),3
450,Qatar 10GB,0,0,Middle East,2,10,30,pearl-mobile-30days-10gb,40,35,30,1,0,0,2023-06-24 13:26:02.499894,2023-06-24 13:26:02.499894,(NULL),1
475,Saudi Arabia 10GB,0,0,Middle East,2,10,30,esimg_10GB_30D_SA_U,30,28,26.5,0,0,0,2023-06-24 13:26:02.547059,2023-06-24 13:26:02.547059,(NULL),3
493,United Arab Emirates 10GB,0,0,Middle East,2,10,30,esimg_10GB_30D_AE_U,40,35,17.3,0,0,0,2023-06-24 13:26:02.592141,2023-06-24 13:26:02.592141,(NULL),3
471,Uzbekistan 10GB,0,0,Middle East,2,10,30,esimg_10GB_30D_UZ_U,30,22.5,17.3,0,0,0,2023-06-24 13:26:02.536692,2023-06-24 13:26:02.536692,(NULL),3
474,Yemen 10GB,0,0,Middle East,2,10,30,esimg_10GB_30D_YE_U,55,50,40.3,0,0,0,2023-06-24 13:26:02.545367,2023-06-24 13:26:02.545367,(NULL),3
492,Armenia 20GB,0,0,Middle East,2,20,30,esimg_20GB_30D_AM_U,99,85,69,0,0,0,2023-06-24 13:26:02.591623,2023-06-24 13:26:02.591623,(NULL),3
478,Azerbaijan 20GB,0,0,Middle East,2,20,30,esimg_20GB_30D_AZ_U,99,85,69,0,0,0,2023-06-24 13:26:02.552238,2023-06-24 13:26:02.552238,(NULL),3
498,Jordan 20GB,0,0,Middle East,2,20,30,esimg_20GB_30D_JO_U,45,40,46,0,0,0,2023-06-24 13:26:02.598212,2023-06-24 13:26:02.598212,(NULL),3
499,Kuwait 20GB,0,0,Middle East,2,20,30,esimg_20GB_30D_KW_U,70,58,46,0,0,0,2023-06-24 13:26:02.607680,2023-06-24 13:26:02.607680,(NULL),3
505,Oman 20GB,0,0,Middle East,2,20,30,esimg_20GB_30D_OM_U,70,58,46,0,0,0,2023-06-24 13:26:02.622753,2023-06-24 13:26:02.622753,(NULL),3
507,Qatar 20GB,0,0,Middle East,2,20,30,pearl-mobile-30days-20gb,70,58,49,1,0,0,2023-06-24 13:26:02.624615,2023-06-24 13:26:02.624615,(NULL),1
518,Saudi Arabia 20GB,0,0,Middle East,2,20,30,esimg_20GB_30D_SA_U,49,46,46,0,0,0,2023-06-24 13:26:02.649579,2023-06-24 13:26:02.649579,(NULL),3
523,United Arab Emirates 20GB,0,0,Middle East,2,20,30,esimg_20GB_30D_AE_U,70,58,29.9,0,0,0,2023-06-24 13:26:02.661074,2023-06-24 13:26:02.661074,(NULL),3
520,Uzbekistan 20GB,0,0,Middle East,2,20,30,esimg_20GB_30D_UZ_U,45,40,29.9,0,0,0,2023-06-24 13:26:02.653205,2023-06-24 13:26:02.653205,(NULL),3
524,Yemen 20GB,0,0,Middle East,2,20,30,esimg_20GB_30D_YE_U,99,85,69,0,0,0,2023-06-24 13:26:02.662893,2023-06-24 13:26:02.662893,(NULL),3
10,Canada,0,0,North America,2,1,7,esimg_1GB_7D_CA_U,7,4.25,3.5,0,0,0,2023-06-24 13:26:01.252965,2023-06-24 13:26:01.252965,(NULL),3
139,USA,0,0,North America,2,1,7,esimg_1GB_7D_US_U,5,3,2.2,0,0,0,2023-06-24 13:26:01.722995,2023-06-24 13:26:01.722995,(NULL),3
160,Canada 3GB,0,0,North America,2,3,30,esimg_3GB_30D_CA_U,15,12,9.4,0,0,0,2023-06-24 13:26:01.787720,2023-06-24 13:26:01.787720,(NULL),3
297,Canada 5GB,0,0,North America,2,5,30,esimg_5GB_30D_CA_U,25,20,15,0,0,0,2023-06-24 13:26:02.143711,2023-06-24 13:26:02.143711,(NULL),3
385,USA 5GB,0,0,North America,2,5,30,esimg_5GB_30D_US_U,15,12,8.6,0,0,0,2023-06-24 13:26:02.353520,2023-06-24 13:26:02.353520,(NULL),3
405,Canada 10GB,0,0,North America,2,10,30,esimg_10GB_30D_CA_U,40,35,26.5,0,0,0,2023-06-24 13:26:02.402645,2023-06-24 13:26:02.402645,(NULL),3
477,USA 10GB,0,0,North America,2,10,30,esimg_10GB_30D_US_U,25,20,15,0,0,0,2023-06-24 13:26:02.551735,2023-06-24 13:26:02.551735,(NULL),3
483,Canada 20GB,0,0,North America,2,20,30,esimg_20GB_30D_CA_U,70,58,46,0,0,0,2023-06-24 13:26:02.566697,2023-06-24 13:26:02.566697,(NULL),3
536,USA 20GB,0,0,North America,2,20,30,esimg_20GB_30D_US_U,45,35,26.5,0,0,0,2023-06-24 13:26:02.691858,2023-06-24 13:26:02.691858,(NULL),3
567,Australia,0,0,Oceania,2,1,7,esimg_1GB_7D_AU_U,4,2.5,2.2,0,0,0,2023-06-24 13:26:02.769899,2023-06-24 13:26:02.769899,(NULL),3
141,New Zealand,0,0,Oceania,2,1,7,esimg_1GB_7D_NZ_U,4,2.5,2.2,0,0,0,2023-06-24 13:26:01.736123,2023-06-24 13:26:01.736123,(NULL),3
150,Australia 3GB,0,0,Oceania,2,3,30,esimg_3GB_30D_AU_U,10,6,5.5,0,0,0,2023-06-24 13:26:01.753603,2023-06-24 13:26:01.753603,(NULL),3
226,New Zealand 3GB,0,0,Oceania,2,3,30,esimg_3GB_30D_NZ_U,10,6,5.5,0,0,0,2023-06-24 13:26:01.963924,2023-06-24 13:26:01.963924,(NULL),3
259,Tonga 3GB,0,0,Oceania,2,3,30,tofua-mobile-30days-3gb,24,22.8,24,1,0,0,2023-06-24 13:26:02.044609,2023-06-24 13:26:02.044609,(NULL),1
276,Australia 5GB,0,0,Oceania,2,5,30,esimg_5GB_30D_AU_U,15,10,8.6,0,0,0,2023-06-24 13:26:02.081430,2023-06-24 13:26:02.081430,(NULL),3
351,New Zealand 5GB,0,0,Oceania,2,5,30,esimg_5GB_30D_NZ_U,15,10,8.6,0,0,0,2023-06-24 13:26:02.273384,2023-06-24 13:26:02.273384,(NULL),3
395,Australia 10GB,0,0,Oceania,2,10,30,esimg_10GB_30D_AU_U,25,15,15,0,0,0,2023-06-24 13:26:02.381607,2023-06-24 13:26:02.381607,(NULL),3
468,New Zealand 10GB,0,0,Oceania,2,10,30,esimg_10GB_30D_NZ_U,25,15,15,0,0,0,2023-06-24 13:26:02.534166,2023-06-24 13:26:02.534166,(NULL),3
508,Australia 20GB,0,0,Oceania,2,20,30,esimg_20GB_30D_AU_U,35,25,26.5,0,0,0,2023-06-24 13:26:02.625010,2023-06-24 13:26:02.625010,(NULL),3
510,New Zealand 20GB,0,0,Oceania,2,20,30,esimg_20GB_30D_NZ_U,35,25,26.5,0,0,0,2023-06-24 13:26:02.634857,2023-06-24 13:26:02.634857,(NULL),3
137,Anguilla,0,0,Caribbean,2,1,7,dolphin-mobile-7days-1gb,9.5,9,9.5,1,0,0,2023-06-24 13:26:01.716169,2023-06-24 13:26:01.716169,(NULL),1
72,Antigua & Barbuda,0,0,Caribbean,2,1,7,17-miles-7days-1gb,9.5,9,9.5,1,0,0,2023-06-24 13:26:01.511108,2023-06-24 13:26:01.511108,(NULL),1
65,Aruba,0,0,Caribbean,2,1,7,noord-communications-7days-1gb,9.5,9,9.5,1,0,0,2023-06-24 13:26:01.480814,2023-06-24 13:26:01.480814,(NULL),1
572,Bahamas,0,0,Caribbean,2,1,7,jitney-mobile-7days-1gb,9.5,9,9.5,1,0,0,2023-06-24 13:26:02.790357,2023-06-24 13:26:02.790357,(NULL),1
66,Barbados,0,0,Caribbean,2,1,7,barbnet-7days-1gb,9.5,9,9.5,1,0,0,2023-06-24 13:26:01.483263,2023-06-24 13:26:01.483263,(NULL),1
70,Bonaire,0,0,Caribbean,2,1,7,hatonet-7days-1gb,9.5,9,9.5,1,0,0,2023-06-24 13:26:01.498245,2023-06-24 13:26:01.498245,(NULL),1
86,British Virgin Islands,0,0,Caribbean,2,1,7,jost-mobile-7days-1gb,9.5,9,9.5,1,0,0,2023-06-24 13:26:01.550459,2023-06-24 13:26:01.550459,(NULL),1
69,Cayman Islands,0,0,Caribbean,2,1,7,atlantis-telecom-7days-1gb,9.5,9,9.5,1,0,0,2023-06-24 13:26:01.497357,2023-06-24 13:26:01.497357,(NULL),1
92,Dominica,0,0,Caribbean,2,1,7,vaina-communications-7days-1gb,9.5,9,9.5,1,0,0,2023-06-24 13:26:01.562409,2023-06-24 13:26:01.562409,(NULL),1
74,French Guiana,0,0,Caribbean,2,1,7,kawcom-7days-1gb,9.5,8.5,8.5,1,0,0,2023-06-24 13:26:01.515671,2023-06-24 13:26:01.515671,(NULL),1
76,Grenada,0,0,Caribbean,2,1,7,fortnet-7days-1gb,9.5,9,9.5,1,0,0,2023-06-24 13:26:01.518607,2023-06-24 13:26:01.518607,(NULL),1
75,Guadeloupe,0,0,Caribbean,2,1,7,guanet-7days-1gb,6,5.5,6,1,0,0,2023-06-24 13:26:01.518298,2023-06-24 13:26:01.518298,(NULL),1
78,Haiti,0,0,Caribbean,2,1,7,bon-bagay-7days-1gb,9.5,9,9.5,1,0,0,2023-06-24 13:26:01.524623,2023-06-24 13:26:01.524623,(NULL),1
13,Jamaica,0,0,Caribbean,2,1,7,jammcom-7days-1gb,9.5,9,9.5,1,0,0,2023-06-24 13:26:01.318471,2023-06-24 13:26:01.318471,(NULL),1
12,Martinique,0,0,Caribbean,2,1,7,jardin-mobile-7days-1gb,5,4.5,5,1,0,0,2023-06-24 13:26:01.312194,2023-06-24 13:26:01.312194,(NULL),1
95,Montserrat,0,0,Caribbean,2,1,7,carrs-telecom-7days-1gb,9,8.5,9,1,0,0,2023-06-24 13:26:01.575688,2023-06-24 13:26:01.575688,(NULL),1
21,Saint Kitts And Nevis,0,0,Caribbean,2,1,7,kittcom-7days-1gb,9.5,9,9.5,1,0,0,2023-06-24 13:26:01.351980,2023-06-24 13:26:01.351980,(NULL),1
9,Saint Lucia,0,0,Caribbean,2,1,7,lucnet-7days-1gb,9.5,9,9.5,1,0,0,2023-06-24 13:26:01.244426,2023-06-24 13:26:01.244426,(NULL),1
3,St. Vincent And The Grenadines,0,0,Caribbean,2,1,7,tobago-7days-1gb,9.5,9,9.5,1,0,0,2023-06-24 13:26:01.233376,2023-06-24 13:26:01.233376,(NULL),1
80,Trinidad & Tobago,0,0,Caribbean,2,1,7,tritocom-7days-1gb,9.5,9,9.5,1,0,0,2023-06-24 13:26:01.532421,2023-06-24 13:26:01.532421,(NULL),1
88,Turks & Caicos,0,0,Caribbean,2,1,7,tuca-mobile-7days-1gb,9.5,9,9.5,1,0,0,2023-06-24 13:26:01.556588,2023-06-24 13:26:01.556588,(NULL),1
5,Africa,0,1,Africa,2,1,7,esimg_1GB_7D_RAF_U,7.5,7,5.8,0,0,1,2023-06-24 13:26:01.237305,2023-07-03 13:31:13.045541,(NULL),3
547,Africa 3GB,0,1,Africa,2,3,30,esimg_3GB_30D_RAF_U,22.5,20,15,0,0,0,2023-06-24 13:26:02.723820,2023-06-24 13:26:02.723820,(NULL),3
541,Africa 5GB,0,1,Africa,2,5,30,esimg_5GB_30D_RAF_U,35,28,23,0,0,0,2023-06-24 13:26:02.703954,2023-06-24 13:26:02.703954,(NULL),3
539,Africa 10GB,0,1,Africa,2,10,30,esimg_10GB_30D_RAF_U,55,48,40.3,0,0,1,2023-06-24 13:26:02.702913,2023-07-03 13:32:07.189664,(NULL),3
550,Africa 20GB,0,1,Africa,2,20,30,esimg_20GB_30D_RAF_U,85,80,69,0,0,0,2023-06-24 13:26:02.728130,2023-06-24 13:26:02.728130,(NULL),3
566,Africa 24,0,1,Africa,2,1,365,14,20,17,20.84,1,0,1,2023-06-24 13:26:02.768926,2023-07-03 13:31:31.712148,(NULL),2
584,Africa 24 5GB,0,1,Africa,2,5,365,14,65,$60.00,69.23,1,0,1,2023-06-24 13:26:02.822939,2023-07-03 13:31:51.681559,(NULL),2
598,Africa 24 10GB,0,1,Africa,2,10,365,14,120,114,131.56,1,0,1,2023-06-24 13:26:02.851974,2023-07-03 13:32:26.389791,(NULL),2
131,Europe,0,1,Europe,2,1,7,esimg_1GB_7D_REUP_U,5,2.5,1.7,0,0,0,2023-06-24 13:26:01.685034,2023-06-24 13:26:01.685034,(NULL),3
537,Europe 3GB,0,1,Europe,2,3,30,esimg_3GB_30D_REUP_U,10,6,4,0,0,0,2023-06-24 13:26:02.692666,2023-06-24 13:26:02.692666,(NULL),3
527,Europe 5GB,0,1,Europe,2,5,30,esimg_5GB_30D_REUP_U,15,8.5,5.8,0,0,0,2023-06-24 13:26:02.668392,2023-06-24 13:26:02.668392,(NULL),3
526,Europe 10GB,0,1,Europe,2,10,30,esimg_10GB_30D_REUP_U,17.5,13,9.8,0,0,0,2023-06-24 13:26:02.667933,2023-06-24 13:26:02.667933,(NULL),3
519,Europe 20GB,0,1,Europe,2,20,30,esimg_20GB_30D_REUP_U,25,22.5,17.3,0,0,0,2023-06-24 13:26:02.651672,2023-06-24 13:26:02.651672,(NULL),3
149,Asia,0,1,Asia,2,1,7,esimg_1GB_7D_RAS_U,5,4,2.5,0,0,0,2023-06-24 13:26:01.751588,2023-06-24 13:26:01.751588,(NULL),3
532,Asia 3GB,0,1,Asia,2,3,30,esimg_3GB_30D_RAS_U,10,8.5,6.3,0,0,0,2023-06-24 13:26:02.679344,2023-06-24 13:26:02.679344,(NULL),3
529,Asia 5GB,0,1,Asia,2,5,30,esimg_5GB_30D_RAS_U,15,12,9.8,0,0,0,2023-06-24 13:26:02.677453,2023-06-24 13:26:02.677453,(NULL),3
530,Asia 10GB,0,1,Asia,2,10,30,esimg_10GB_30D_RAS_U,25,21,17.3,0,0,0,2023-06-24 13:26:02.677795,2023-06-24 13:26:02.677795,(NULL),3
540,Asia 20GB,0,1,Asia,2,20,30,esimg_20GB_30D_RAS_U,40,35,29.9,0,0,0,2023-06-24 13:26:02.703344,2023-06-24 13:26:02.703344,(NULL),3
11,LATAMS,0,1,LATAM,2,1,7,esimg_1GB_30D_RLA_U,12.5,10,7.5,0,0,0,2023-06-24 13:26:01.311264,2023-06-24 13:26:01.311264,(NULL),3
548,LATAMS 3GB,0,1,LATAM,2,3,30,esimg_3GB_30D_RLA_U,30,23,19.6,0,0,0,2023-06-24 13:26:02.726902,2023-06-24 13:26:02.726902,(NULL),3
543,LATAMS 5GB,0,1,LATAM,2,5,30,esimg_5GB_30D_RLA_U,40,35,28.8,0,0,0,2023-06-24 13:26:02.709858,2023-06-24 13:26:02.709858,(NULL),3
552,LATAMS 10GB,0,1,LATAM,2,10,30,esimg_10GB_30D_RLA_U,65,60,51.8,0,0,0,2023-06-24 13:26:02.735000,2023-06-24 13:26:02.735000,(NULL),3
1,Middle East,0,1,Middle East,2,1,7,esimg_1GB_7D_RME_U,7.5,5,3.5,0,0,0,2023-06-24 13:26:01.231184,2023-06-24 13:26:01.231184,(NULL),3
542,Middle East 3GB,0,1,Middle East,2,3,30,esimg_3GB_30D_RME_U,15,12,9.4,0,0,0,2023-06-24 13:26:02.707000,2023-06-24 13:26:02.707000,(NULL),3
544,Middle East 5GB,0,1,Middle East,2,5,30,esimg_5GB_30D_RME_U,20,18,15,0,0,0,2023-06-24 13:26:02.714989,2023-06-24 13:26:02.714989,(NULL),3
554,Middle East 10GB,0,1,Middle East,2,10,30,esimg_10GB_30D_RME_U,35,32,26.5,0,0,0,2023-06-24 13:26:02.741472,2023-06-24 13:26:02.741472,(NULL),3
546,Middle East 20GB,0,1,Middle East,2,20,30,esimg_20GB_30D_RME_U,60,55,46,0,0,0,2023-06-24 13:26:02.721422,2023-06-24 13:26:02.721422,(NULL),3
6,North America,0,1,North America,2,1,7,esimg_1GB_7D_RNA_U,5,4.25,3.5,0,0,0,2023-06-24 13:26:01.238212,2023-06-24 13:26:01.238212,(NULL),3
525,North America 3GB,0,1,North America,2,3,30,esimg_3GB_30D_RNA_U,15,12.5,9.4,0,0,0,2023-06-24 13:26:02.667286,2023-06-24 13:26:02.667286,(NULL),3
531,North America 5GB,0,1,North America,2,5,30,esimg_5GB_30D_RNA_U,23,18,15,0,0,0,2023-06-24 13:26:02.678618,2023-06-24 13:26:02.678618,(NULL),3
533,North America 10GB,0,1,North America,2,10,30,esimg_10GB_30D_RNA_U,40,30,26.5,0,0,0,2023-06-24 13:26:02.682034,2023-06-24 13:26:02.682034,(NULL),3
538,North America 20GB,0,1,North America,2,20,30,esimg_20GB_30D_RNA_U,60,50,46,0,0,0,2023-06-24 13:26:02.697890,2023-06-24 13:26:02.697890,(NULL),3
7,Caribbean,0,1,Caribbean,2,1,7,island-hopper-7days-1gb,20,17.5,15,1,0,0,2023-06-24 13:26:01.238940,2023-06-24 13:26:01.238940,(NULL),1
561,lan 1GB,1,0,GLOBAL,2,1,7,esimg_1GB_7D_RGB_U,20,17,13.8,0,0,0,2023-06-24 13:26:02.760941,2023-06-24 13:26:02.760941,(NULL),3
545,lan 3GB,1,0,GLOBAL,2,3,30,esimg_3GB_30D_RGB_U,45,41,34.5,0,0,0,2023-06-24 13:26:02.720306,2023-06-24 13:26:02.720306,(NULL),3
556,lan 5GB,1,0,GLOBAL,2,5,30,esimg_5GB_30D_RGB_U,75,60,51.8,0,0,0,2023-06-24 13:26:02.747398,2023-06-24 13:26:02.747398,(NULL),3
